filename,width,height,class,xmin,ymin,xmax,ymax
Movie-on-07-03-25-at-12_03-PM_mov-0048_jpg.rf.e68f93323c2014a452801452772ed4d5.jpg,640,640,face,258,110,408,420
Movie-on-07-03-25-at-12_13-PM_mov-0047_jpg.rf.eb1297469ae4660f629098b6182f6f6c.jpg,640,640,face,274,226,395,433
Movie-on-07-03-25-at-12_08-PM_mov-0053_jpg.rf.e7ab08448ea9f2c911b2778052009c7c.jpg,640,640,pen,461,615,472,640
Movie-on-07-03-25-at-12_08-PM_mov-0053_jpg.rf.e7ab08448ea9f2c911b2778052009c7c.jpg,640,640,face,254,214,353,451
Movie-on-07-03-25-at-12_03-PM_mov-0003_jpg.rf.e97ae740781ac2183f89b27f1708b6e5.jpg,640,640,face,303,99,449,402
Movie-on-07-03-25-at-12_38-PM_mov-0004_jpg.rf.e894da3d8d6f7b83a1291589cb2ac49a.jpg,640,640,book,330,558,507,639
Movie-on-07-03-25-at-12_38-PM_mov-0004_jpg.rf.e894da3d8d6f7b83a1291589cb2ac49a.jpg,640,640,pen,293,473,339,514
Movie-on-07-03-25-at-12_38-PM_mov-0004_jpg.rf.e894da3d8d6f7b83a1291589cb2ac49a.jpg,640,640,face,334,127,458,395
Movie-on-07-03-25-at-12_25-PM_mov-0005_jpg.rf.ea5b02c3ba12c8c86dd1342a855a4ccc.jpg,640,640,face,310,152,460,464
Movie-on-07-03-25-at-12_29-PM_mov-0007_jpg.rf.f0fe726773ec8601bff7d2b917a3fda1.jpg,640,640,face,295,198,455,530
Movie-on-07-03-25-at-12_29-PM_mov-0003_jpg.rf.f3220b1845e61c4496f09a99f958e1ea.jpg,640,640,face,284,265,450,593
Movie-on-07-03-25-at-12_38-PM_mov-0026_jpg.rf.f333cbfa01976116488f8ddd58731a9c.jpg,640,640,pen,309,543,351,591
Movie-on-07-03-25-at-12_38-PM_mov-0026_jpg.rf.f333cbfa01976116488f8ddd58731a9c.jpg,640,640,face,332,143,457,400
Movie-on-07-03-25-at-12_02-PM_mov-0043_jpg.rf.f479933380c63105a2c17d9e0083904b.jpg,640,640,face,255,118,404,425
Movie-on-07-03-25-at-12_09-PM_mov-0006_jpg.rf.e887018b50f1c9f4e02e4ce761c25a19.jpg,640,640,face,287,234,405,408
Movie-on-07-03-25-at-12_29-PM_mov-0020_jpg.rf.ef844ffdb0e5d37ddad5619395141a29.jpg,640,640,face,290,239,453,577
Movie-on-07-03-25-at-12_03-PM_mov-0031_jpg.rf.f3c8d76b9975db423a4bed09725e54a0.jpg,640,640,face,334,114,460,373
Movie-on-07-03-25-at-12_40-PM_mov-0049_jpg.rf.f1d1d8408a4aaa7da2ae3128ba2fdcb5.jpg,640,640,pen,320,546,462,581
Movie-on-07-03-25-at-12_40-PM_mov-0049_jpg.rf.f1d1d8408a4aaa7da2ae3128ba2fdcb5.jpg,640,640,face,311,129,427,363
Movie-on-07-03-25-at-12_02-PM_mov-0029_jpg.rf.f65526c09dafa19c5e8f9da9363d37ed.jpg,640,640,face,274,130,422,445
Movie-on-07-03-25-at-12_02-PM_mov-0041_jpg.rf.ea1c808fd0d0720ae2317b4d94fe36c5.jpg,640,640,face,252,119,402,433
Movie-on-07-03-25-at-12_08-PM_mov-0023_jpg.rf.e805b3dcd5d2ebb1b307dc5a16faa413.jpg,640,640,pen,463,616,474,639
Movie-on-07-03-25-at-12_08-PM_mov-0023_jpg.rf.e805b3dcd5d2ebb1b307dc5a16faa413.jpg,640,640,face,241,214,336,412
Movie-on-07-03-25-at-12_13-PM_mov-0036_jpg.rf.ef2af1ed0b0e5b0df06eadebda69eb22.jpg,640,640,face,203,255,297,523
Movie-on-07-03-25-at-12_29-PM_mov-0002_jpg.rf.ef26877eb94b9e36e5a07309e8a46a6a.jpg,640,640,face,282,268,451,604
Movie-on-07-03-25-at-12_13-PM_mov-0017_jpg.rf.eedebc8eca762159772cf14357312256.jpg,640,640,face,321,226,434,450
Movie-on-07-03-25-at-12_13-PM_mov-0004_jpg.rf.e7b6a5b4606b1406b2ef9e231d716fa9.jpg,640,640,face,371,251,464,433
Movie-on-07-03-25-at-12_09-PM_mov-0045_jpg.rf.f6c643002cd104c5de2b92e70714bb51.jpg,640,640,face,307,234,424,396
Movie-on-07-03-25-at-12_29-PM_mov-0006_jpg.rf.eec21dde41837ac6b25077bc8016ba83.jpg,640,640,face,291,195,450,521
Movie-on-07-03-25-at-12_08-PM_mov-0027_jpg.rf.edf29bd3b5da72121dc55df6cce7ca8f.jpg,640,640,pen,464,616,474,639
Movie-on-07-03-25-at-12_08-PM_mov-0027_jpg.rf.edf29bd3b5da72121dc55df6cce7ca8f.jpg,640,640,face,275,215,390,452
Movie-on-07-03-25-at-12_02-PM_mov-0004_jpg.rf.f995f4a2f6076f6662dbfec63bec4a82.jpg,640,640,face,216,134,336,411
Movie-on-07-03-25-at-12_03-PM_mov-0001_jpg.rf.f8de265f06a0ee16032447c4caeade1d.jpg,640,640,face,261,108,418,437
Movie-on-07-03-25-at-12_38-PM_mov-0049_jpg.rf.f890057f437f1ff4391f7923ad789551.jpg,640,640,face,330,118,453,374
Movie-on-07-03-25-at-12_29-PM_mov-0011_jpg.rf.f6cfc0bb70fc0d620c897c1d4f351311.jpg,640,640,face,284,257,448,590
Movie-on-07-03-25-at-12_09-PM_mov-0048_jpg.rf.f7b306d988f73d93b12c27efa90524dd.jpg,640,640,face,286,231,404,411
Movie-on-07-03-25-at-12_03-PM_mov-0039_jpg.rf.fa295824214bb170fc5ca1a49c089576.jpg,640,640,face,311,107,444,364
Movie-on-07-03-25-at-12_03-PM_mov-0002_jpg.rf.f7fe0e521a5bca2bf3a6bfd5b559e518.jpg,640,640,face,262,111,416,435
Movie-on-07-03-25-at-12_13-PM_mov-0033_jpg.rf.ebfa072d81009e7c8b57b82224e080b0.jpg,640,640,face,282,222,411,477
Movie-on-07-03-25-at-12_25-PM_mov-0033_jpg.rf.f0e74f86f2a623eebbea3e7d70eefd82.jpg,640,640,face,304,214,461,515
Movie-on-07-03-25-at-12_02-PM_mov-0020_jpg.rf.f88aff4fc060397f673ae9c754b18b8d.jpg,640,640,face,229,114,365,391
Movie-on-07-03-25-at-12_08-PM_mov-0021_jpg.rf.fa4306587fe70be28456c5b3a94dd9a7.jpg,640,640,pen,464,617,474,639
Movie-on-07-03-25-at-12_08-PM_mov-0021_jpg.rf.fa4306587fe70be28456c5b3a94dd9a7.jpg,640,640,face,259,209,361,431
Movie-on-07-03-25-at-12_29-PM_mov-0008_jpg.rf.ee2ec058445794e89bdd20dbeb58cc4a.jpg,640,640,face,303,255,467,575
Movie-on-07-03-25-at-12_02-PM_mov-0048_jpg.rf.faccd11bf2ad1cba66360f92e444bb08.jpg,640,640,face,235,110,364,386
Movie-on-07-03-25-at-12_09-PM_mov-0014_jpg.rf.fa4fd905c51158c47ff82d0537033bf0.jpg,640,640,face,306,234,423,411
Movie-on-07-03-25-at-12_13-PM_mov-0015_jpg.rf.fbf160b18c382f681816492cf2b4121f.jpg,640,640,face,309,223,427,462
Movie-on-07-03-25-at-12_03-PM_mov-0011_jpg.rf.fb0f6f105b36c71c4bd4bd5bdc523b5f.jpg,640,640,face,268,117,419,435
Movie-on-07-03-25-at-12_08-PM_mov-0018_jpg.rf.f92f26ad94933f1c08d5725b82132ca4.jpg,640,640,pen,461,608,471,639
Movie-on-07-03-25-at-12_08-PM_mov-0018_jpg.rf.f92f26ad94933f1c08d5725b82132ca4.jpg,640,640,face,286,212,407,418
Movie-on-07-03-25-at-12_03-PM_mov-0057_jpg.rf.fba9f174d2a8e5f4f07eac8a966eda9f.jpg,640,640,face,265,115,414,422
Movie-on-07-03-25-at-12_29-PM_mov-0032_jpg.rf.fcc46e969ad9ab12689fd0e002d12caa.jpg,640,640,face,290,211,453,551
Movie-on-07-03-25-at-12_29-PM_mov-0033_jpg.rf.efe16eee0972d764aab114345dc864b7.jpg,640,640,face,292,193,451,519
Movie-on-07-03-25-at-12_29-PM_mov-0051_jpg.rf.e66de40a3f27cca96422b6e55193263a.jpg,640,640,face,283,253,449,590
Movie-on-07-03-25-at-12_08-PM_mov-0036_jpg.rf.f0d31dc11f0b214a1e3f1e130d44031e.jpg,640,640,pen,464,617,474,639
Movie-on-07-03-25-at-12_08-PM_mov-0036_jpg.rf.f0d31dc11f0b214a1e3f1e130d44031e.jpg,640,640,face,279,211,389,436
Movie-on-07-03-25-at-12_03-PM_mov-0038_jpg.rf.fcf7745ef337e1b425523c79d823cc88.jpg,640,640,face,310,108,445,361
Movie-on-07-03-25-at-12_40-PM_mov-0015_jpg.rf.ef8df54944709cedbb0359baf3ee65ab.jpg,640,640,pen,475,387,501,527
Movie-on-07-03-25-at-12_40-PM_mov-0015_jpg.rf.ef8df54944709cedbb0359baf3ee65ab.jpg,640,640,face,286,135,409,374

Movie-on-07-03-25-at-12_40-PM_mov-0023_jpg.rf.fcc646a1a12ecffaf73190600b50fd38.jpg,640,640,pen,296,602,340,627
Movie-on-07-03-25-at-12_40-PM_mov-0023_jpg.rf.fcc646a1a12ecffaf73190600b50fd38.jpg,640,640,face,319,128,434,363
Movie-on-07-03-25-at-12_08-PM_mov-0002_jpg.rf.ff1922f3286abd59723787f5414e4165.jpg,640,640,pen,459,602,471,639
Movie-on-07-03-25-at-12_08-PM_mov-0002_jpg.rf.ff1922f3286abd59723787f5414e4165.jpg,640,640,face,229,226,321,438
Movie-on-07-03-25-at-12_40-PM_mov-0059_jpg.rf.ff98dc085dee1c3f3080eaa623e633f1.jpg,640,640,face,314,130,432,367
Movie-on-07-03-25-at-12_38-PM_mov-0046_jpg.rf.fdc881602dbefb9b5e8b9bc16a79ded1.jpg,640,640,face,335,125,458,380
Movie-on-07-03-25-at-12_25-PM_mov-0052_jpg.rf.fe42ff92f4ecd80ae967e3918cef9cbb.jpg,640,640,pen,452,584,486,639
Movie-on-07-03-25-at-12_25-PM_mov-0052_jpg.rf.fe42ff92f4ecd80ae967e3918cef9cbb.jpg,640,640,face,317,153,466,460
Movie-on-07-03-25-at-12_08-PM_mov-0051_jpg.rf.ffc9ac2da205ae5676f55ad1da09a5d9.jpg,640,640,pen,461,615,472,640
Movie-on-07-03-25-at-12_08-PM_mov-0051_jpg.rf.ffc9ac2da205ae5676f55ad1da09a5d9.jpg,640,640,face,275,210,387,435
Movie-on-07-03-25-at-12_08-PM_mov-0000_jpg.rf.fdeda4b5142427fe2389d521357ee720.jpg,640,640,face,274,213,382,435
Movie-on-07-03-25-at-12_13-PM_mov-0052_jpg.rf.ff4b5d0a3a42f33dd36b6503b2cbfe45.jpg,640,640,face,262,226,389,482
Movie-on-07-03-25-at-12_02-PM_mov-0028_jpg.rf.ffd1e4ec4287d2ab1574b5122435292d.jpg,640,640,face,291,116,428,400
Movie-on-07-03-25-at-12_02-PM_mov-0036_jpg.rf.8031bcc88f26c9dc7ab707808611ac03.jpg,640,640,face,212,121,330,388
Movie-on-07-03-25-at-12_08-PM_mov-0032_jpg.rf.7d4bad8a69b22c2e8fd85d36212d4792.jpg,640,640,pen,463,616,474,639
Movie-on-07-03-25-at-12_08-PM_mov-0032_jpg.rf.7d4bad8a69b22c2e8fd85d36212d4792.jpg,640,640,face,327,216,422,416
Movie-on-07-03-25-at-12_25-PM_mov-0008_jpg.rf.7f8be31db155954a23ed419283c00fb1.jpg,640,640,face,358,220,497,536
Movie-on-07-03-25-at-12_25-PM_mov-0040_jpg.rf.7cddc608443a54016ac27797247f99a6.jpg,640,640,face,331,159,482,454
Movie-on-07-03-25-at-12_38-PM_mov-0036_jpg.rf.7d768d99011e0a20e450eba5ede82d4a.jpg,640,640,pen,260,568,307,639
Movie-on-07-03-25-at-12_38-PM_mov-0036_jpg.rf.7d768d99011e0a20e450eba5ede82d4a.jpg,640,640,face,344,130,469,378
Movie-on-07-03-25-at-12_03-PM_mov-0029_jpg.rf.7ce28f2b4ee7f61d6a99dbe7fbf37673.jpg,640,640,face,315,108,450,397
Movie-on-07-03-25-at-12_13-PM_mov-0058_jpg.rf.7db904c349a734a47f851a84aad150cf.jpg,640,640,face,297,236,424,482
Movie-on-07-03-25-at-12_09-PM_mov-0030_jpg.rf.80ed8a85b200fe1f992cfea7f8fc2971.jpg,640,640,face,282,239,398,396
Movie-on-07-03-25-at-12_25-PM_mov-0002_jpg.rf.8687625b5e5641e7427604dd83efeecb.jpg,640,640,face,291,170,452,477
Movie-on-07-03-25-at-12_02-PM_mov-0012_jpg.rf.856fbfc0bb896dfad41271eea56f7afe.jpg,640,640,face,216,122,346,414
Movie-on-07-03-25-at-12_25-PM_mov-0006_jpg.rf.861902c57c9343e5a68de1446d02e765.jpg,640,640,face,335,141,494,471
Movie-on-07-03-25-at-12_40-PM_mov-0039_jpg.rf.86894e8020e7d3ad700cc34d3af5a15c.jpg,640,640,pen,271,599,308,640
Movie-on-07-03-25-at-12_40-PM_mov-0039_jpg.rf.86894e8020e7d3ad700cc34d3af5a15c.jpg,640,640,face,332,155,451,404
Movie-on-07-03-25-at-12_38-PM_mov-0008_jpg.rf.850b59c6f1cb9f60988a4bd24748e203.jpg,640,640,book,348,583,531,640
Movie-on-07-03-25-at-12_38-PM_mov-0008_jpg.rf.850b59c6f1cb9f60988a4bd24748e203.jpg,640,640,pen,306,505,346,549
Movie-on-07-03-25-at-12_38-PM_mov-0008_jpg.rf.850b59c6f1cb9f60988a4bd24748e203.jpg,640,640,face,326,128,452,391
Movie-on-07-03-25-at-12_25-PM_mov-0014_jpg.rf.86a55ad40f1aa5b5f4b3a3544d863c11.jpg,640,640,face,334,203,497,536
Movie-on-07-03-25-at-12_25-PM_mov-0049_jpg.rf.843495f1c18fe583259cf68b37bb5076.jpg,640,640,face,333,219,486,541
Movie-on-07-03-25-at-12_25-PM_mov-0007_jpg.rf.8786633f375723e83c81f03f73ec5a66.jpg,640,640,face,282,142,433,468
Movie-on-07-03-25-at-12_09-PM_mov-0034_jpg.rf.897e76d8f1262542a8c82e5c26ddcbed.jpg,640,640,face,281,212,406,470
Movie-on-07-03-25-at-12_08-PM_mov-0060_jpg.rf.8672ba42e5fc201f3f7a280c3097bb41.jpg,640,640,pen,466,620,474,639
Movie-on-07-03-25-at-12_08-PM_mov-0060_jpg.rf.8672ba42e5fc201f3f7a280c3097bb41.jpg,640,640,face,294,217,408,441
Movie-on-07-03-25-at-12_40-PM_mov-0058_jpg.rf.87d8e1e0792720acf285cce95784c1c2.jpg,640,640,pen,425,426,462,564
Movie-on-07-03-25-at-12_40-PM_mov-0058_jpg.rf.87d8e1e0792720acf285cce95784c1c2.jpg,640,640,face,302,132,418,368
Movie-on-07-03-25-at-12_40-PM_mov-0018_jpg.rf.87fb922e6678bc2ad9d7a5504534ee20.jpg,640,640,pen,291,599,458,621
Movie-on-07-03-25-at-12_40-PM_mov-0018_jpg.rf.87fb922e6678bc2ad9d7a5504534ee20.jpg,640,640,face,319,130,433,369
Movie-on-07-03-25-at-12_40-PM_mov-0060_jpg.rf.825c25da33664f57bce662c6877b549c.jpg,640,640,face,311,130,428,368
Movie-on-07-03-25-at-12_29-PM_mov-0042_jpg.rf.8b8e92639919557fd83fdebf49ebba1b.jpg,640,640,pen,405,594,436,639
Movie-on-07-03-25-at-12_29-PM_mov-0042_jpg.rf.8b8e92639919557fd83fdebf49ebba1b.jpg,640,640,face,283,227,443,555
Movie-on-07-03-25-at-12_38-PM_mov-0053_jpg.rf.894d8b789f21e3009a493b9f2a44c923.jpg,640,640,pen,277,608,308,639
Movie-on-07-03-25-at-12_38-PM_mov-0053_jpg.rf.894d8b789f21e3009a493b9f2a44c923.jpg,640,640,face,323,141,448,400
Movie-on-07-03-25-at-12_09-PM_mov-0012_jpg.rf.812fe2cfedada9e25b78a44a20dea2ce.jpg,640,640,face,286,216,407,439
Movie-on-07-03-25-at-12_38-PM_mov-0044_jpg.rf.85be96ed79fe6a349f61c8fcb00f58a8.jpg,640,640,book,284,529,529,640
Movie-on-07-03-25-at-12_38-PM_mov-0044_jpg.rf.85be96ed79fe6a349f61c8fcb00f58a8.jpg,640,640,pen,285,529,325,568
Movie-on-07-03-25-at-12_38-PM_mov-0044_jpg.rf.85be96ed79fe6a349f61c8fcb00f58a8.jpg,640,640,face,333,112,456,372
Movie-on-07-03-25-at-12_09-PM_mov-0049_jpg.rf.89f91139e976e17bb985c85d811c27e5.jpg,640,640,face,285,223,405,420
Movie-on-07-03-25-at-12_29-PM_mov-0035_jpg.rf.8b93e01a7d2751b87b08ae2a954ec561.jpg,640,640,face,264,223,410,545
Movie-on-07-03-25-at-12_03-PM_mov-0007_jpg.rf.8c15165e731a72ed604ba21170d04e1a.jpg,640,640,face,346,110,471,382
Movie-on-07-03-25-at-12_03-PM_mov-0018_jpg.rf.8aeb7fdf143c00f61e8b83b67f741777.jpg,640,640,face,271,105,417,393
Movie-on-07-03-25-at-12_02-PM_mov-0010_jpg.rf.8c0afc9086480cb7e42150985fd22409.jpg,640,640,face,260,115,408,422
Movie-on-07-03-25-at-12_29-PM_mov-0030_jpg.rf.8c20e12b50fed1b06f3f71bf0fc9b0df.jpg,640,640,face,292,240,455,578
Movie-on-07-03-25-at-12_40-PM_mov-0056_jpg.rf.7dc374fba06584353dc02bb17f5d30f1.jpg,640,640,pen,380,413,422,549
Movie-on-07-03-25-at-12_40-PM_mov-0056_jpg.rf.7dc374fba06584353dc02bb17f5d30f1.jpg,640,640,face,301,133,419,374
Movie-on-07-03-25-at-12_40-PM_mov-0029_jpg.rf.87fa8b57f4e551ab6113ed08cf9a373d.jpg,640,640,book,375,489,572,639
Movie-on-07-03-25-at-12_40-PM_mov-0029_jpg.rf.87fa8b57f4e551ab6113ed08cf9a373d.jpg,640,640,pen,319,498,373,533
Movie-on-07-03-25-at-12_40-PM_mov-0029_jpg.rf.87fa8b57f4e551ab6113ed08cf9a373d.jpg,640,640,face,336,168,457,413
Movie-on-07-03-25-at-12_02-PM_mov-0009_jpg.rf.867f8a0c753ba8ccc9678be826f17d5f.jpg,640,640,face,265,112,416,423
Movie-on-07-03-25-at-12_38-PM_mov-0023_jpg.rf.8636885ce45e29d09582b9a5101e1bf8.jpg,640,640,pen,259,554,300,608
Movie-on-07-03-25-at-12_38-PM_mov-0023_jpg.rf.8636885ce45e29d09582b9a5101e1bf8.jpg,640,640,face,321,140,447,400
Movie-on-07-03-25-at-12_08-PM_mov-0050_jpg.rf.81c2b0b6436082e952fe0338829917e4.jpg,640,640,pen,460,614,472,639
Movie-on-07-03-25-at-12_08-PM_mov-0050_jpg.rf.81c2b0b6436082e952fe0338829917e4.jpg,640,640,face,303,214,407,387
Movie-on-07-03-25-at-12_09-PM_mov-0000_jpg.rf.84195a898175885715e656ab64075d9b.jpg,640,640,face,289,221,410,473
Movie-on-07-03-25-at-12_09-PM_mov-0059_jpg.rf.8954cb46f5403598050801bef58848c5.jpg,640,640,face,292,223,419,482
Movie-on-07-03-25-at-12_25-PM_mov-0012_jpg.rf.8c612f6a37c3b1679fec8aa0cc8691e1.jpg,640,640,face,290,163,446,475
Movie-on-07-03-25-at-12_13-PM_mov-0021_jpg.rf.8ded3a4bb9a19ca607e8b2f8d117d13b.jpg,640,640,face,273,238,393,423

Movie-on-07-03-25-at-12_38-PM_mov-0043_jpg.rf.82a7c706b803736d5443811df1a975d1.jpg,640,640,face,334,123,459,384
Movie-on-07-03-25-at-12_29-PM_mov-0053_jpg.rf.8e23c6e2eaab13e3ccc88a0cff2823ca.jpg,640,640,face,285,255,453,591
Movie-on-07-03-25-at-12_40-PM_mov-0047_jpg.rf.8d2380a16fe19fbed0681952b1c87bb2.jpg,640,640,pen,340,406,434,556
Movie-on-07-03-25-at-12_40-PM_mov-0047_jpg.rf.8d2380a16fe19fbed0681952b1c87bb2.jpg,640,640,face,291,130,410,364
Movie-on-07-03-25-at-12_25-PM_mov-0035_jpg.rf.8e47ff18b8e54af55b6f868e6a18500a.jpg,640,640,face,276,176,439,479
Movie-on-07-03-25-at-12_08-PM_mov-0001_jpg.rf.8ebead7adac1fce6a85e9c04f5c2b015.jpg,640,640,pen,459,609,471,639
Movie-on-07-03-25-at-12_08-PM_mov-0001_jpg.rf.8ebead7adac1fce6a85e9c04f5c2b015.jpg,640,640,face,244,220,342,436
Movie-on-07-03-25-at-12_09-PM_mov-0011_jpg.rf.7b3afe078f1fd3823f67f4d7c0103937.jpg,640,640,face,282,221,409,481
Movie-on-07-03-25-at-12_25-PM_mov-0038_jpg.rf.95481e26e32fab26c71b7ca05886bfc3.jpg,640,640,face,313,169,471,492
Movie-on-07-03-25-at-12_08-PM_mov-0015_jpg.rf.7dc6b0e6bd304fedf076fd7b0d57f23b.jpg,640,640,pen,459,607,470,639
Movie-on-07-03-25-at-12_08-PM_mov-0015_jpg.rf.7dc6b0e6bd304fedf076fd7b0d57f23b.jpg,640,640,face,282,212,399,480
Movie-on-07-03-25-at-12_03-PM_mov-0040_jpg.rf.954995c0459f8a34755504d205a0dad2.jpg,640,640,face,372,173,480,439
Movie-on-07-03-25-at-12_13-PM_mov-0006_jpg.rf.9494b7a2a2748472c7eed694659bc323.jpg,640,640,face,301,221,429,471
Movie-on-07-03-25-at-12_29-PM_mov-0046_jpg.rf.8d9ed4c8e6422e2224914c8bb0f3e1f5.jpg,640,640,face,289,264,452,583
Movie-on-07-03-25-at-12_29-PM_mov-0017_jpg.rf.936b79cfc3ba936f3e20c2533100b741.jpg,640,640,face,289,214,452,554
Movie-on-07-03-25-at-12_29-PM_mov-0037_jpg.rf.9013c53f833ad4ec54a457125490c5e5.jpg,640,640,face,270,192,418,501
Movie-on-07-03-25-at-12_13-PM_mov-0056_jpg.rf.95ed56db53e4bdeff08defc010841002.jpg,640,640,face,276,236,394,422
Movie-on-07-03-25-at-12_29-PM_mov-0047_jpg.rf.96d8d7307d65e107c6acdfdfcaec7c77.jpg,640,640,face,267,256,433,594
Movie-on-07-03-25-at-12_09-PM_mov-0001_jpg.rf.9332af584ec429b61154144787f985b2.jpg,640,640,face,285,228,402,422
Movie-on-07-03-25-at-12_09-PM_mov-0058_jpg.rf.961cdcd08f03933b40f435e154a8f177.jpg,640,640,face,288,222,415,478
Movie-on-07-03-25-at-12_40-PM_mov-0042_jpg.rf.8e75c341f08855762e222b0a5c395045.jpg,640,640,pen,282,595,325,640
Movie-on-07-03-25-at-12_40-PM_mov-0042_jpg.rf.8e75c341f08855762e222b0a5c395045.jpg,640,640,face,334,155,453,402
Movie-on-07-03-25-at-12_09-PM_mov-0016_jpg.rf.9296df84dce10d3d4db275e715c7dddd.jpg,640,640,face,264,230,381,428
Movie-on-07-03-25-at-12_09-PM_mov-0052_jpg.rf.949314ab2757a329273e8722adf5f6b5.jpg,640,640,face,289,217,414,464
Movie-on-07-03-25-at-12_09-PM_mov-0050_jpg.rf.95bf2cb9102caa409cc766c3cfe62f07.jpg,640,640,face,288,221,413,471
Movie-on-07-03-25-at-12_08-PM_mov-0040_jpg.rf.9873a487f44ede09f00d2562d2f39ab0.jpg,640,640,pen,463,613,474,639
Movie-on-07-03-25-at-12_08-PM_mov-0040_jpg.rf.9873a487f44ede09f00d2562d2f39ab0.jpg,640,640,face,218,240,303,476
Movie-on-07-03-25-at-12_02-PM_mov-0047_jpg.rf.99696fbc5a9189ea911e43b203798e96.jpg,640,640,face,259,112,413,439
Movie-on-07-03-25-at-12_40-PM_mov-0040_jpg.rf.99b29c3677b7238a4ea0c1cf4aaeb54a.jpg,640,640,pen,256,589,306,637
Movie-on-07-03-25-at-12_40-PM_mov-0040_jpg.rf.99b29c3677b7238a4ea0c1cf4aaeb54a.jpg,640,640,face,332,154,450,401
Movie-on-07-03-25-at-12_02-PM_mov-0044_jpg.rf.970f50cb0820169ade47aa276f69d412.jpg,640,640,face,261,144,415,464
Movie-on-07-03-25-at-12_08-PM_mov-0007_jpg.rf.974dedaf0b3b08c0083e023a66a5f7e7.jpg,640,640,pen,464,616,474,639
Movie-on-07-03-25-at-12_08-PM_mov-0007_jpg.rf.974dedaf0b3b08c0083e023a66a5f7e7.jpg,640,640,face,289,219,397,446
Movie-on-07-03-25-at-12_40-PM_mov-0010_jpg.rf.983537ac016c9d00dfd4eb443f509da1.jpg,640,640,book,380,492,574,639
Movie-on-07-03-25-at-12_40-PM_mov-0010_jpg.rf.983537ac016c9d00dfd4eb443f509da1.jpg,640,640,pen,340,483,375,521
Movie-on-07-03-25-at-12_40-PM_mov-0010_jpg.rf.983537ac016c9d00dfd4eb443f509da1.jpg,640,640,face,345,173,465,420
Movie-on-07-03-25-at-12_40-PM_mov-0032_jpg.rf.97b8cfbe4615e13d7b4a50e40758fbc2.jpg,640,640,pen,307,513,357,544
Movie-on-07-03-25-at-12_40-PM_mov-0032_jpg.rf.97b8cfbe4615e13d7b4a50e40758fbc2.jpg,640,640,face,333,162,450,414
Movie-on-07-03-25-at-12_40-PM_mov-0007_jpg.rf.9ad2e33322e943946667aabe5f44ef90.jpg,640,640,pen,280,528,421,598
Movie-on-07-03-25-at-12_40-PM_mov-0007_jpg.rf.9ad2e33322e943946667aabe5f44ef90.jpg,640,640,face,342,146,465,390
Movie-on-07-03-25-at-12_38-PM_mov-0058_jpg.rf.9af33c4af428e5561ea727e822f0946a.jpg,640,640,pen,256,575,286,635
Movie-on-07-03-25-at-12_38-PM_mov-0058_jpg.rf.9af33c4af428e5561ea727e822f0946a.jpg,640,640,face,351,126,485,375
Movie-on-07-03-25-at-12_03-PM_mov-0053_jpg.rf.9e57f1836bba5dbfce9729c2ac4a767e.jpg,640,640,face,280,112,424,416
Movie-on-07-03-25-at-12_40-PM_mov-0051_jpg.rf.9f0558464a86c4125fecf736d6a15de7.jpg,640,640,pen,314,583,460,613
Movie-on-07-03-25-at-12_40-PM_mov-0051_jpg.rf.9f0558464a86c4125fecf736d6a15de7.jpg,640,640,face,312,130,427,363
Movie-on-07-03-25-at-12_25-PM_mov-0055_jpg.rf.9aeb7ef07d679b7eaa78467548f40eae.jpg,640,640,face,324,168,477,489
Movie-on-07-03-25-at-12_13-PM_mov-0029_jpg.rf.9081047589d6632aafcd9badb380c498.jpg,640,640,face,278,238,406,513
Movie-on-07-03-25-at-12_29-PM_mov-0012_jpg.rf.9249e5bebd29c5577cfd66302dc274bf.jpg,640,640,face,282,257,447,590
Movie-on-07-03-25-at-12_13-PM_mov-0061_jpg.rf.9d9e04f1e25abc07691f01e7d8880cf8.jpg,640,640,face,283,215,407,465
Movie-on-07-03-25-at-12_38-PM_mov-0061_jpg.rf.9c74e0352b8c86929a0450552382dc61.jpg,640,640,book,343,598,504,639
Movie-on-07-03-25-at-12_38-PM_mov-0061_jpg.rf.9c74e0352b8c86929a0450552382dc61.jpg,640,640,face,353,116,484,365
Movie-on-07-03-25-at-12_29-PM_mov-0004_jpg.rf.a1579a2b538ee4cca33bf8714ab17887.jpg,640,640,face,286,265,453,592
Movie-on-07-03-25-at-12_13-PM_mov-0008_jpg.rf.9f9ac4de83cc8468e7c83342486f557d.jpg,640,640,face,299,221,425,476

Movie-on-07-03-25-at-12_02-PM_mov-0011_jpg.rf.9bd630788a9ee2aed5cdbc805607fa20.jpg,640,640,face,255,117,399,430
Movie-on-07-03-25-at-12_38-PM_mov-0001_jpg.rf.9f792d53f8a02e458ca0c8f008c726dd.jpg,640,640,book,320,565,510,639
Movie-on-07-03-25-at-12_38-PM_mov-0001_jpg.rf.9f792d53f8a02e458ca0c8f008c726dd.jpg,640,640,pen,340,474,376,512
Movie-on-07-03-25-at-12_38-PM_mov-0001_jpg.rf.9f792d53f8a02e458ca0c8f008c726dd.jpg,640,640,face,333,137,458,402
Movie-on-07-03-25-at-12_09-PM_mov-0053_jpg.rf.9ff4243dd98ac1f0fe9c97df47738ac8.jpg,640,640,face,301,220,424,482
Movie-on-07-03-25-at-12_40-PM_mov-0013_jpg.rf.a1f8e10141724c1e228d9e604fdb2017.jpg,640,640,face,317,126,431,365
Movie-on-07-03-25-at-12_09-PM_mov-0018_jpg.rf.a3dfe7641cc5bae8aae4dd0ad59d0033.jpg,640,640,face,292,219,417,468
Movie-on-07-03-25-at-12_40-PM_mov-0003_jpg.rf.a073be67715c05e5521e7b0ac7b546a4.jpg,640,640,pen,439,280,485,343
Movie-on-07-03-25-at-12_40-PM_mov-0003_jpg.rf.a073be67715c05e5521e7b0ac7b546a4.jpg,640,640,face,294,137,419,385
Movie-on-07-03-25-at-12_08-PM_mov-0049_jpg.rf.a404eff81455ca5a71f92285c7e0bc7f.jpg,640,640,pen,461,614,473,639
Movie-on-07-03-25-at-12_08-PM_mov-0049_jpg.rf.a404eff81455ca5a71f92285c7e0bc7f.jpg,640,640,face,240,217,355,408
Movie-on-07-03-25-at-12_25-PM_mov-0032_jpg.rf.a3d29663fabfe65856777b778347d8ae.jpg,640,640,face,296,217,476,525
Movie-on-07-03-25-at-12_25-PM_mov-0011_jpg.rf.9be981e7e0069945cde865e7ca0eadcb.jpg,640,640,face,294,166,447,472
Movie-on-07-03-25-at-12_02-PM_mov-0008_jpg.rf.9b6ec17e7ed8b886039be4465dde8edb.jpg,640,640,face,266,113,417,426
Movie-on-07-03-25-at-12_25-PM_mov-0037_jpg.rf.a075c637cf7e2f0035da6e8d4cefa5ec.jpg,640,640,face,303,168,460,477
Movie-on-07-03-25-at-12_29-PM_mov-0045_jpg.rf.a462320fe0ce56a126892a3d9ba158ed.jpg,640,640,face,284,208,444,540
Movie-on-07-03-25-at-12_40-PM_mov-0034_jpg.rf.a23a85cf1b91e76d91e7b353733cb989.jpg,640,640,pen,327,580,375,634
Movie-on-07-03-25-at-12_40-PM_mov-0034_jpg.rf.a23a85cf1b91e76d91e7b353733cb989.jpg,640,640,face,329,170,448,423
Movie-on-07-03-25-at-12_29-PM_mov-0024_jpg.rf.9bf6c75884e369b8f50f77d9589d7f8d.jpg,640,640,face,293,234,455,571
Movie-on-07-03-25-at-12_13-PM_mov-0016_jpg.rf.a76dd455eb702e819f73a239fc806691.jpg,640,640,face,316,224,431,453
Movie-on-07-03-25-at-12_25-PM_mov-0019_jpg.rf.a6837e7df0274c203067a93e927db33c.jpg,640,640,face,361,179,507,495
Movie-on-07-03-25-at-12_29-PM_mov-0010_jpg.rf.a0e527f5998bc085ef2950dcbc678bca.jpg,640,640,face,289,256,453,582
Movie-on-07-03-25-at-12_13-PM_mov-0026_jpg.rf.a79f65683bbc155e15d164d5fde17d0f.jpg,640,640,face,278,228,403,478
Movie-on-07-03-25-at-12_25-PM_mov-0060_jpg.rf.a665efd3c81c1e5ec3dace9b66952a89.jpg,640,640,face,326,167,479,493
Movie-on-07-03-25-at-12_25-PM_mov-0039_jpg.rf.a69b4702237a24e7dd17ec0c7a4c31f2.jpg,640,640,face,328,159,483,498
Movie-on-07-03-25-at-12_40-PM_mov-0045_jpg.rf.a857f13a4460679b24df468a18e803b4.jpg,640,640,book,336,479,548,639
Movie-on-07-03-25-at-12_40-PM_mov-0045_jpg.rf.a857f13a4460679b24df468a18e803b4.jpg,640,640,face,356,161,483,403
Movie-on-07-03-25-at-12_03-PM_mov-0043_jpg.rf.a8ffae9aaa75784d06183429737cb37f.jpg,640,640,face,267,121,414,436
Movie-on-07-03-25-at-12_13-PM_mov-0001_jpg.rf.aa9f98592619534335de64b191eb29f9.jpg,640,640,face,279,217,398,469
Movie-on-07-03-25-at-12_40-PM_mov-0024_jpg.rf.a7e80cd94bea301ee9cab89aed699d84.jpg,640,640,pen,348,390,375,548
Movie-on-07-03-25-at-12_40-PM_mov-0024_jpg.rf.a7e80cd94bea301ee9cab89aed699d84.jpg,640,640,face,307,131,425,378
Movie-on-07-03-25-at-12_08-PM_mov-0011_jpg.rf.a8a6e19c2a64f313a80cfade2e4c2504.jpg,640,640,pen,464,616,474,639
Movie-on-07-03-25-at-12_08-PM_mov-0011_jpg.rf.a8a6e19c2a64f313a80cfade2e4c2504.jpg,640,640,face,279,219,392,447
Movie-on-07-03-25-at-12_08-PM_mov-0024_jpg.rf.a83baf41608d9a0c203bdbb729518a23.jpg,640,640,pen,462,615,473,640
Movie-on-07-03-25-at-12_08-PM_mov-0024_jpg.rf.a83baf41608d9a0c203bdbb729518a23.jpg,640,640,face,267,210,381,435
Movie-on-07-03-25-at-12_02-PM_mov-0025_jpg.rf.a7d822479b21816a8fe28276c7b0e66d.jpg,640,640,face,270,127,419,441
Movie-on-07-03-25-at-12_38-PM_mov-0024_jpg.rf.ae92ef7460cd842b77ca4a4837245795.jpg,640,640,book,409,613,543,639
Movie-on-07-03-25-at-12_38-PM_mov-0024_jpg.rf.ae92ef7460cd842b77ca4a4837245795.jpg,640,640,pen,248,559,286,614
Movie-on-07-03-25-at-12_38-PM_mov-0024_jpg.rf.ae92ef7460cd842b77ca4a4837245795.jpg,640,640,face,319,134,444,396
Movie-on-07-03-25-at-12_29-PM_mov-0031_jpg.rf.ac20a4fd4482ab875e974bd2804737a1.jpg,640,640,pen,424,597,452,639
Movie-on-07-03-25-at-12_29-PM_mov-0031_jpg.rf.ac20a4fd4482ab875e974bd2804737a1.jpg,640,640,face,291,224,454,565
Movie-on-07-03-25-at-12_13-PM_mov-0059_jpg.rf.accf7a5ab8fb6d05fad3298c37137116.jpg,640,640,face,305,247,439,510
Movie-on-07-03-25-at-12_38-PM_mov-0047_jpg.rf.9c15ac02cd86f1bb1e6b2272b96b9971.jpg,640,640,pen,269,543,308,578
Movie-on-07-03-25-at-12_38-PM_mov-0047_jpg.rf.9c15ac02cd86f1bb1e6b2272b96b9971.jpg,640,640,face,332,126,455,382
Movie-on-07-03-25-at-12_40-PM_mov-0011_jpg.rf.aec3079b1f82fde41526536c63a58dae.jpg,640,640,book,385,497,581,639
Movie-on-07-03-25-at-12_40-PM_mov-0011_jpg.rf.aec3079b1f82fde41526536c63a58dae.jpg,640,640,pen,331,473,370,515
Movie-on-07-03-25-at-12_40-PM_mov-0011_jpg.rf.aec3079b1f82fde41526536c63a58dae.jpg,640,640,face,342,166,462,415
Movie-on-07-03-25-at-12_38-PM_mov-0009_jpg.rf.b0e98c46ddaac98e46a29bcf42ec47f2.jpg,640,640,book,342,583,530,640
Movie-on-07-03-25-at-12_38-PM_mov-0009_jpg.rf.b0e98c46ddaac98e46a29bcf42ec47f2.jpg,640,640,pen,299,512,347,556
Movie-on-07-03-25-at-12_38-PM_mov-0009_jpg.rf.b0e98c46ddaac98e46a29bcf42ec47f2.jpg,640,640,face,324,129,450,392
Movie-on-07-03-25-at-12_29-PM_mov-0027_jpg.rf.aff79f7ca85e75e7ce8e5c23c36aff9b.jpg,640,640,pen,425,598,452,639
Movie-on-07-03-25-at-12_29-PM_mov-0027_jpg.rf.aff79f7ca85e75e7ce8e5c23c36aff9b.jpg,640,640,face,293,239,459,575
Movie-on-07-03-25-at-12_25-PM_mov-0029_jpg.rf.adc70add515b826e64f4a634ba165fd5.jpg,640,640,pen,450,587,484,639
Movie-on-07-03-25-at-12_25-PM_mov-0029_jpg.rf.adc70add515b826e64f4a634ba165fd5.jpg,640,640,face,310,166,469,506
Movie-on-07-03-25-at-12_25-PM_mov-0047_jpg.rf.a8e63cfa801a165cf70fb93fd8f1f5de.jpg,640,640,face,343,174,497,490
Movie-on-07-03-25-at-12_03-PM_mov-0015_jpg.rf.b0e416b9653e9b09e9591120b0487d4f.jpg,640,640,face,254,113,408,439
Movie-on-07-03-25-at-12_40-PM_mov-0016_jpg.rf.adad90a4fae2c51cd913922bfafc339f.jpg,640,640,pen,431,566,480,590
Movie-on-07-03-25-at-12_40-PM_mov-0016_jpg.rf.adad90a4fae2c51cd913922bfafc339f.jpg,640,640,face,302,131,420,372
Movie-on-07-03-25-at-12_29-PM_mov-0050_jpg.rf.b0ddd20775cccfd2e58501dc1562eac9.jpg,640,640,face,282,253,447,588
Movie-on-07-03-25-at-12_38-PM_mov-0018_jpg.rf.a7641bf4fd8f46cc82278f9fe268dc38.jpg,640,640,book,384,607,541,639
Movie-on-07-03-25-at-12_38-PM_mov-0018_jpg.rf.a7641bf4fd8f46cc82278f9fe268dc38.jpg,640,640,pen,266,542,303,589
Movie-on-07-03-25-at-12_38-PM_mov-0018_jpg.rf.a7641bf4fd8f46cc82278f9fe268dc38.jpg,640,640,face,321,138,447,397
Movie-on-07-03-25-at-12_38-PM_mov-0038_jpg.rf.acd94998b2ae70dbd83cbdf975dce4fc.jpg,640,640,book,398,592,526,639
Movie-on-07-03-25-at-12_38-PM_mov-0038_jpg.rf.acd94998b2ae70dbd83cbdf975dce4fc.jpg,640,640,pen,319,504,467,618
Movie-on-07-03-25-at-12_38-PM_mov-0038_jpg.rf.acd94998b2ae70dbd83cbdf975dce4fc.jpg,640,640,face,341,138,465,394
Movie-on-07-03-25-at-12_03-PM_mov-0010_jpg.rf.b1f6ed35410e07cf2a690b37cb122f87.jpg,640,640,face,256,111,406,419
Movie-on-07-03-25-at-12_29-PM_mov-0055_jpg.rf.b157df3558b37d250c8cbea5005ae291.jpg,640,640,face,286,212,451,557
Movie-on-07-03-25-at-12_09-PM_mov-0044_jpg.rf.aa083450955c4914ea4c3d46230aa28a.jpg,640,640,face,281,232,398,410
Movie-on-07-03-25-at-12_03-PM_mov-0050_jpg.rf.b194ebf19b8faf5bf96af4d9fcdf5f3c.jpg,640,640,face,297,103,441,393
Movie-on-07-03-25-at-12_25-PM_mov-0023_jpg.rf.b3e96d69ca759b739cbb16b2bc252db0.jpg,640,640,pen,445,585,480,639
Movie-on-07-03-25-at-12_25-PM_mov-0023_jpg.rf.b3e96d69ca759b739cbb16b2bc252db0.jpg,640,640,face,299,145,451,453
Movie-on-07-03-25-at-12_02-PM_mov-0001_jpg.rf.aba7742d7da49ad9d99f3cf0b601f0f3.jpg,640,640,face,264,138,397,413
Movie-on-07-03-25-at-12_09-PM_mov-0029_jpg.rf.b1d13c6d9b02ca5381201ae042b2870c.jpg,640,640,face,298,241,415,394
Movie-on-07-03-25-at-12_38-PM_mov-0057_jpg.rf.b3671ea63e13bcc50c521ddcb2e8c2ad.jpg,640,640,pen,256,566,292,624
Movie-on-07-03-25-at-12_38-PM_mov-0057_jpg.rf.b3671ea63e13bcc50c521ddcb2e8c2ad.jpg,640,640,face,345,133,481,379
Movie-on-07-03-25-at-12_25-PM_mov-0022_jpg.rf.b2c64df625fd6c292187faeadc7df4cb.jpg,640,640,face,280,155,410,459
Movie-on-07-03-25-at-12_02-PM_mov-0019_jpg.rf.abbbbbbe2d9fe3940ff90cf0bd37fdd6.jpg,640,640,face,236,111,378,391
Movie-on-07-03-25-at-12_13-PM_mov-0009_jpg.rf.b27b294668a8d3aa286692df46c6a8eb.jpg,640,640,face,292,234,419,500
Movie-on-07-03-25-at-12_02-PM_mov-0040_jpg.rf.b3db0e5c3cd61a2e4c0cdfef554da779.jpg,640,640,face,276,123,420,420
Movie-on-07-03-25-at-12_09-PM_mov-0057_jpg.rf.b3b970f4cd96d313ed03d2761eda0a4a.jpg,640,640,face,286,231,403,410
Movie-on-07-03-25-at-12_03-PM_mov-0041_jpg.rf.a3a06908e2c327288b51a7aadce4c02e.jpg,640,640,face,381,192,491,460
Movie-on-07-03-25-at-12_02-PM_mov-0003_jpg.rf.b4837f63858381dd70f222a4ea455ab8.jpg,640,640,face,207,135,325,411
Movie-on-07-03-25-at-12_02-PM_mov-0038_jpg.rf.b51906971e82f39eae8d8d029a6cd95c.jpg,640,640,face,240,123,374,426
Movie-on-07-03-25-at-12_03-PM_mov-0019_jpg.rf.b4289cc19585bf0d0e339a4d92e526b8.jpg,640,640,face,304,103,446,391
Movie-on-07-03-25-at-12_38-PM_mov-0003_jpg.rf.b45c2645b66b5ce12062be8f41a171cf.jpg,640,640,book,329,569,512,639
Movie-on-07-03-25-at-12_38-PM_mov-0003_jpg.rf.b45c2645b66b5ce12062be8f41a171cf.jpg,640,640,pen,323,470,365,512
Movie-on-07-03-25-at-12_38-PM_mov-0003_jpg.rf.b45c2645b66b5ce12062be8f41a171cf.jpg,640,640,face,332,130,457,399
Movie-on-07-03-25-at-12_40-PM_mov-0017_jpg.rf.b8525236f830d6b98419f430b8cf4f02.jpg,640,640,face,308,129,424,364
Movie-on-07-03-25-at-12_02-PM_mov-0023_jpg.rf.b6551393a03311d3b149ba5bae862552.jpg,640,640,face,267,122,413,425
Movie-on-07-03-25-at-12_29-PM_mov-0009_jpg.rf.b1b1e0b17f6cffd95a698b692a662ce1.jpg,640,640,face,299,246,462,578
Movie-on-07-03-25-at-12_08-PM_mov-0041_jpg.rf.b77c4ce05adb82e5e0b14480e01f276b.jpg,640,640,pen,461,612,472,640
Movie-on-07-03-25-at-12_08-PM_mov-0041_jpg.rf.b77c4ce05adb82e5e0b14480e01f276b.jpg,640,640,face,215,239,301,473
Movie-on-07-03-25-at-12_03-PM_mov-0024_jpg.rf.b90248b9d6ebc9ad7c4eed722bf54f2c.jpg,640,640,face,274,112,422,423
Movie-on-07-03-25-at-12_38-PM_mov-0013_jpg.rf.b9793af649801838f4aec7903c5cb07f.jpg,640,640,book,371,586,534,639
Movie-on-07-03-25-at-12_38-PM_mov-0013_jpg.rf.b9793af649801838f4aec7903c5cb07f.jpg,640,640,pen,262,503,385,619
Movie-on-07-03-25-at-12_38-PM_mov-0013_jpg.rf.b9793af649801838f4aec7903c5cb07f.jpg,640,640,face,328,123,452,383
Movie-on-07-03-25-at-12_29-PM_mov-0029_jpg.rf.b57d4721c2873d5229e9657b60a0a149.jpg,640,640,face,293,240,457,578
Movie-on-07-03-25-at-12_08-PM_mov-0031_jpg.rf.b63321921972261c72b9e0b2f0e8ab2c.jpg,640,640,pen,463,616,474,639
Movie-on-07-03-25-at-12_08-PM_mov-0031_jpg.rf.b63321921972261c72b9e0b2f0e8ab2c.jpg,640,640,face,339,219,432,414
Movie-on-07-03-25-at-12_13-PM_mov-0025_jpg.rf.b509e2394cc006a6766539d6bccdc7bd.jpg,640,640,face,240,232,369,487
Movie-on-07-03-25-at-12_03-PM_mov-0016_jpg.rf.b91a58b0a4ee51868dd303502d842759.jpg,640,640,face,255,113,408,431
Movie-on-07-03-25-at-12_38-PM_mov-0052_jpg.rf.aedfd6fb5abc62854b336600c9cba093.jpg,640,640,pen,287,601,326,640
Movie-on-07-03-25-at-12_38-PM_mov-0052_jpg.rf.aedfd6fb5abc62854b336600c9cba093.jpg,640,640,face,326,152,452,407
Movie-on-07-03-25-at-12_13-PM_mov-0011_jpg.rf.b831467f7751f320340093780a861f20.jpg,640,640,face,271,227,397,478
Movie-on-07-03-25-at-12_38-PM_mov-0012_jpg.rf.ba9453f78c66fd7b884041f8c144a434.jpg,640,640,book,354,578,530,640
Movie-on-07-03-25-at-12_38-PM_mov-0012_jpg.rf.ba9453f78c66fd7b884041f8c144a434.jpg,640,640,pen,289,498,320,531
Movie-on-07-03-25-at-12_38-PM_mov-0012_jpg.rf.ba9453f78c66fd7b884041f8c144a434.jpg,640,640,face,329,127,454,389
Movie-on-07-03-25-at-12_08-PM_mov-0044_jpg.rf.bd76e37a906f803d122caf35b80d076b.jpg,640,640,pen,461,615,472,640
Movie-on-07-03-25-at-12_08-PM_mov-0044_jpg.rf.bd76e37a906f803d122caf35b80d076b.jpg,640,640,face,269,216,383,450
Movie-on-07-03-25-at-12_09-PM_mov-0019_jpg.rf.b9f53b62c3bb5fda1411b1ef97bcf5f6.jpg,640,640,face,280,218,406,477
Movie-on-07-03-25-at-12_08-PM_mov-0014_jpg.rf.b7288d8e7b34e23779b591f3bf1c688e.jpg,640,640,face,264,220,380,467
Movie-on-07-03-25-at-12_38-PM_mov-0032_jpg.rf.bcfec2a77c796a11ccd2fd29fdb61264.jpg,640,640,pen,305,532,358,593
Movie-on-07-03-25-at-12_38-PM_mov-0032_jpg.rf.bcfec2a77c796a11ccd2fd29fdb61264.jpg,640,640,face,338,136,465,388
Movie-on-07-03-25-at-12_40-PM_mov-0044_jpg.rf.be3aa6cfc3fe5cf42591113fa0a3de2f.jpg,640,640,pen,258,551,376,619
Movie-on-07-03-25-at-12_40-PM_mov-0044_jpg.rf.be3aa6cfc3fe5cf42591113fa0a3de2f.jpg,640,640,face,335,143,451,383
Movie-on-07-03-25-at-12_40-PM_mov-0033_jpg.rf.adcb874edd2a16b7527348ea0c89dee9.jpg,640,640,book,432,571,624,639
Movie-on-07-03-25-at-12_40-PM_mov-0033_jpg.rf.adcb874edd2a16b7527348ea0c89dee9.jpg,640,640,pen,315,524,365,566
Movie-on-07-03-25-at-12_40-PM_mov-0033_jpg.rf.adcb874edd2a16b7527348ea0c89dee9.jpg,640,640,face,329,161,447,414
Movie-on-07-03-25-at-12_02-PM_mov-0007_jpg.rf.bb0bf93c6af501a4035d3ec32bc40791.jpg,640,640,face,270,113,421,421
Movie-on-07-03-25-at-12_02-PM_mov-0030_jpg.rf.bf60a1b7307dd2613fb9c2a54a914afa.jpg,640,640,face,273,121,422,434
Movie-on-07-03-25-at-12_03-PM_mov-0013_jpg.rf.be4761ea93347a08293f420d3a89a2ee.jpg,640,640,face,270,116,425,436
Movie-on-07-03-25-at-12_29-PM_mov-0022_jpg.rf.bd2658490c8d07ef684e63027b92b429.jpg,640,640,face,291,236,455,576
Movie-on-07-03-25-at-12_40-PM_mov-0052_jpg.rf.bbdcbbada1f0b4cdaa65a3403cbe0dc2.jpg,640,640,pen,319,594,468,631
Movie-on-07-03-25-at-12_40-PM_mov-0052_jpg.rf.bbdcbbada1f0b4cdaa65a3403cbe0dc2.jpg,640,640,face,319,128,434,357
Movie-on-07-03-25-at-12_02-PM_mov-0034_jpg.rf.b6875ecdcc85b9e9f57cf0397c0124d1.jpg,640,640,face,196,132,304,411
Movie-on-07-03-25-at-12_09-PM_mov-0007_jpg.rf.b5e643a068d5bba1fd90d8e348104c0e.jpg,640,640,face,277,214,404,473
Movie-on-07-03-25-at-12_09-PM_mov-0043_jpg.rf.a6292375a6c63397ce6e739684c484cf.jpg,640,640,face,277,224,397,419
Movie-on-07-03-25-at-12_13-PM_mov-0057_jpg.rf.beddf7b96883b65454badbb2155fbe7c.jpg,640,640,face,278,235,397,426
Movie-on-07-03-25-at-12_09-PM_mov-0026_jpg.rf.bdb4160bd28e63accc814bb389058934.jpg,640,640,face,285,231,402,411
Movie-on-07-03-25-at-12_03-PM_mov-0028_jpg.rf.c1752d6ab89e76bf15631f8a571b8e05.jpg,640,640,face,255,106,406,423
Movie-on-07-03-25-at-12_38-PM_mov-0048_jpg.rf.c31e157c6dad6f51b2bb6296832677cf.jpg,640,640,face,332,120,453,377
Movie-on-07-03-25-at-12_03-PM_mov-0009_jpg.rf.bfe908389867571dcc4d9a26de4466f8.jpg,640,640,face,282,109,424,414
Movie-on-07-03-25-at-12_38-PM_mov-0005_jpg.rf.c516d14fed39376cb277e6285402b95b.jpg,640,640,book,348,574,525,639
Movie-on-07-03-25-at-12_38-PM_mov-0005_jpg.rf.c516d14fed39376cb277e6285402b95b.jpg,640,640,pen,325,498,365,542
Movie-on-07-03-25-at-12_38-PM_mov-0005_jpg.rf.c516d14fed39376cb277e6285402b95b.jpg,640,640,face,330,137,457,397
Movie-on-07-03-25-at-12_13-PM_mov-0020_jpg.rf.c00e73cdbadff1581cd44eb1b0ae36da.jpg,640,640,face,270,231,390,436
Movie-on-07-03-25-at-12_25-PM_mov-0031_jpg.rf.becc80a572b33f92bc5887df8bb7b032.jpg,640,640,face,296,233,468,543
Movie-on-07-03-25-at-12_02-PM_mov-0005_jpg.rf.bf68bcc1b703a89c7ec0387e2c743eae.jpg,640,640,face,261,136,404,436
Movie-on-07-03-25-at-12_29-PM_mov-0005_jpg.rf.c67a02496610cb42e073eece7bc7efa4.jpg,640,640,face,282,205,443,543
Movie-on-07-03-25-at-12_25-PM_mov-0041_jpg.rf.c3524971a19fecc7267d068e0eeaf3e7.jpg,640,640,face,297,159,454,476
Movie-on-07-03-25-at-12_25-PM_mov-0016_jpg.rf.c4573cc03b704a07acad5d30880e637d.jpg,640,640,face,276,189,461,517
Movie-on-07-03-25-at-12_09-PM_mov-0046_jpg.rf.c5ea7246b2114a37cfb90160909bc2a2.jpg,640,640,face,289,231,407,414
Movie-on-07-03-25-at-12_08-PM_mov-0061_jpg.rf.c49e6402ed6b730f2f719f051955f82a.jpg,640,640,pen,465,620,474,640
Movie-on-07-03-25-at-12_08-PM_mov-0061_jpg.rf.c49e6402ed6b730f2f719f051955f82a.jpg,640,640,face,294,217,408,440
Movie-on-07-03-25-at-12_40-PM_mov-0008_jpg.rf.c8640c3507575d29cd0106bd765a9358.jpg,640,640,book,364,490,579,639
Movie-on-07-03-25-at-12_40-PM_mov-0008_jpg.rf.c8640c3507575d29cd0106bd765a9358.jpg,640,640,pen,339,454,383,500
Movie-on-07-03-25-at-12_40-PM_mov-0008_jpg.rf.c8640c3507575d29cd0106bd765a9358.jpg,640,640,face,344,190,473,430
Movie-on-07-03-25-at-12_40-PM_mov-0002_jpg.rf.c8b4fa4e8b7fd2e77a4384dcbbf4b8de.jpg,640,640,pen,386,322,409,353
Movie-on-07-03-25-at-12_40-PM_mov-0002_jpg.rf.c8b4fa4e8b7fd2e77a4384dcbbf4b8de.jpg,640,640,face,294,131,416,372
Movie-on-07-03-25-at-12_40-PM_mov-0055_jpg.rf.c531e06409dfe78b9573870235de7fa3.jpg,640,640,pen,369,437,457,625
Movie-on-07-03-25-at-12_40-PM_mov-0055_jpg.rf.c531e06409dfe78b9573870235de7fa3.jpg,640,640,face,310,133,427,376
Movie-on-07-03-25-at-12_03-PM_mov-0036_jpg.rf.c5449ba31b1aa5fd6953208971a4a898.jpg,640,640,face,245,114,397,428
Movie-on-07-03-25-at-12_25-PM_mov-0057_jpg.rf.c58da2224ded3cf99e962c76614e6db8.jpg,640,640,face,338,155,482,462
Movie-on-07-03-25-at-12_08-PM_mov-0025_jpg.rf.c8dd98761444fb125a49ad8685efb422.jpg,640,640,pen,464,617,474,639
Movie-on-07-03-25-at-12_08-PM_mov-0025_jpg.rf.c8dd98761444fb125a49ad8685efb422.jpg,640,640,face,276,215,390,446
Movie-on-07-03-25-at-12_38-PM_mov-0060_jpg.rf.cb6b6da0061395f70a0fc969cfb90f82.jpg,640,640,pen,249,578,274,639
Movie-on-07-03-25-at-12_38-PM_mov-0060_jpg.rf.cb6b6da0061395f70a0fc969cfb90f82.jpg,640,640,face,354,123,490,371
Movie-on-07-03-25-at-12_02-PM_mov-0022_jpg.rf.c8be88dd460f457e3043bac84319a9cf.jpg,640,640,face,274,122,424,432
Movie-on-07-03-25-at-12_02-PM_mov-0000_jpg.rf.c93c544930d4bd851f3e7443a40d0334.jpg,640,640,face,257,110,411,432
Movie-on-07-03-25-at-12_09-PM_mov-0036_jpg.rf.c669956001c292b07cbb2bd1ab92a667.jpg,640,640,face,279,219,407,478
Movie-on-07-03-25-at-12_08-PM_mov-0037_jpg.rf.ca4a5b235621cfbf61bd0da2cc5e969e.jpg,640,640,pen,463,616,473,639
Movie-on-07-03-25-at-12_08-PM_mov-0037_jpg.rf.ca4a5b235621cfbf61bd0da2cc5e969e.jpg,640,640,face,275,218,388,451
Movie-on-07-03-25-at-12_40-PM_mov-0022_jpg.rf.c77c2c363d99ff5bbc41f0700f43ce3e.jpg,640,640,pen,296,596,444,632
Movie-on-07-03-25-at-12_40-PM_mov-0022_jpg.rf.c77c2c363d99ff5bbc41f0700f43ce3e.jpg,640,640,face,318,130,434,367
Movie-on-07-03-25-at-12_13-PM_mov-0050_jpg.rf.cf4a76ca4ef927779030402604f5ba06.jpg,640,640,face,286,232,412,485
Movie-on-07-03-25-at-12_03-PM_mov-0044_jpg.rf.c98a5068817bb3efffadd1be9da15c82.jpg,640,640,face,262,117,414,437

Movie-on-07-03-25-at-12_38-PM_mov-0021_jpg.rf.c98a2d3e477001e338611c34c5fb1fe6.jpg,640,640,book,390,612,542,640
Movie-on-07-03-25-at-12_38-PM_mov-0021_jpg.rf.c98a2d3e477001e338611c34c5fb1fe6.jpg,640,640,pen,219,551,338,639
Movie-on-07-03-25-at-12_38-PM_mov-0021_jpg.rf.c98a2d3e477001e338611c34c5fb1fe6.jpg,640,640,face,320,131,445,390
Movie-on-07-03-25-at-12_40-PM_mov-0037_jpg.rf.c8ee91b922e9d49e41ef8f9d329b28a7.jpg,640,640,pen,286,588,333,639
Movie-on-07-03-25-at-12_40-PM_mov-0037_jpg.rf.c8ee91b922e9d49e41ef8f9d329b28a7.jpg,640,640,face,331,160,451,409
Movie-on-07-03-25-at-12_09-PM_mov-0037_jpg.rf.ce7beb448d01d9524461ebae657a3b42.jpg,640,640,face,268,218,397,491
Movie-on-07-03-25-at-12_13-PM_mov-0055_jpg.rf.cbe7cb0f8914a1c3e1ddc37f14e86e71.jpg,640,640,face,271,225,394,472
Movie-on-07-03-25-at-12_02-PM_mov-0053_jpg.rf.cd464b826df24d15fafdee67325b5ee3.jpg,640,640,face,263,115,409,422
Movie-on-07-03-25-at-12_38-PM_mov-0059_jpg.rf.ca7028977a5deaab8b3e73b3891b2a80.jpg,640,640,pen,248,577,280,638
Movie-on-07-03-25-at-12_38-PM_mov-0059_jpg.rf.ca7028977a5deaab8b3e73b3891b2a80.jpg,640,640,face,351,123,486,373
Movie-on-07-03-25-at-12_38-PM_mov-0020_jpg.rf.c8f5a36ebc6159573d790f11137c33e8.jpg,640,640,book,377,604,539,640
Movie-on-07-03-25-at-12_38-PM_mov-0020_jpg.rf.c8f5a36ebc6159573d790f11137c33e8.jpg,640,640,pen,251,545,288,594
Movie-on-07-03-25-at-12_38-PM_mov-0020_jpg.rf.c8f5a36ebc6159573d790f11137c33e8.jpg,640,640,face,319,120,443,381
Movie-on-07-03-25-at-12_38-PM_mov-0000_jpg.rf.c9cb0d4e9b6658b4ba08c59226921554.jpg,640,640,book,322,566,519,639
Movie-on-07-03-25-at-12_38-PM_mov-0000_jpg.rf.c9cb0d4e9b6658b4ba08c59226921554.jpg,640,640,pen,339,471,381,512
Movie-on-07-03-25-at-12_38-PM_mov-0000_jpg.rf.c9cb0d4e9b6658b4ba08c59226921554.jpg,640,640,face,331,138,456,402
Movie-on-07-03-25-at-12_40-PM_mov-0050_jpg.rf.d0495c64e16759d8a61e355ebcfd89a3.jpg,640,640,pen,332,573,488,609
Movie-on-07-03-25-at-12_40-PM_mov-0050_jpg.rf.d0495c64e16759d8a61e355ebcfd89a3.jpg,640,640,face,312,129,428,362
Movie-on-07-03-25-at-12_13-PM_mov-0035_jpg.rf.d3309c7f4635197edbec907ac1a9ee93.jpg,640,640,face,216,244,327,517

Movie-on-07-03-25-at-12_13-PM_mov-0019_jpg.rf.d51132a79406499426f38b4f34af36a5.jpg,640,640,face,295,223,420,435
Movie-on-07-03-25-at-12_29-PM_mov-0057_jpg.rf.d880ea721972949da36b3d7ebd3bae4f.jpg,640,640,face,282,186,441,513
Movie-on-07-03-25-at-12_08-PM_mov-0019_jpg.rf.d3b3b03a2fb5e9c6defc81d08b3661b2.jpg,640,640,face,270,213,385,455
Movie-on-07-03-25-at-12_40-PM_mov-0057_jpg.rf.d658cda3ea55cd7e3beeff62a9ff185d.jpg,640,640,pen,426,430,470,564
Movie-on-07-03-25-at-12_40-PM_mov-0057_jpg.rf.d658cda3ea55cd7e3beeff62a9ff185d.jpg,640,640,face,300,131,417,365
Movie-on-07-03-25-at-12_40-PM_mov-0014_jpg.rf.d24477ce5a956ed4a7b18108aead3d43.jpg,640,640,face,297,130,415,370
Movie-on-07-03-25-at-12_08-PM_mov-0004_jpg.rf.d9100b405b2b991b05ab46c324016a45.jpg,640,640,pen,463,615,474,640
Movie-on-07-03-25-at-12_08-PM_mov-0004_jpg.rf.d9100b405b2b991b05ab46c324016a45.jpg,640,640,face,294,210,398,426
Movie-on-07-03-25-at-12_08-PM_mov-0054_jpg.rf.cdbd84522d2d9582abe375b645a96f27.jpg,640,640,pen,462,616,472,639
Movie-on-07-03-25-at-12_08-PM_mov-0054_jpg.rf.cdbd84522d2d9582abe375b645a96f27.jpg,640,640,face,268,214,382,446
Movie-on-07-03-25-at-12_02-PM_mov-0056_jpg.rf.cc087cee4f1b1ae73523dbab9d04f53c.jpg,640,640,face,272,117,418,424
Movie-on-07-03-25-at-12_09-PM_mov-0047_jpg.rf.dbf76118de53500d6ff2b0247a21a6a1.jpg,640,640,face,282,230,400,415
Movie-on-07-03-25-at-12_09-PM_mov-0003_jpg.rf.d8954b2af555d18211c5a48acc8dabb6.jpg,640,640,face,292,229,410,411
Movie-on-07-03-25-at-12_09-PM_mov-0005_jpg.rf.d9c1b1a4f1a0fc99718ac2a64c938c4c.jpg,640,640,face,288,233,407,408
Movie-on-07-03-25-at-12_03-PM_mov-0000_jpg.rf.d11b26083710cdabd83e334fb094075c.jpg,640,640,face,257,110,415,441
Movie-on-07-03-25-at-12_40-PM_mov-0021_jpg.rf.d98dadf2d39fb42eef5eb45f8c945f7b.jpg,640,640,pen,324,613,419,633
Movie-on-07-03-25-at-12_40-PM_mov-0021_jpg.rf.d98dadf2d39fb42eef5eb45f8c945f7b.jpg,640,640,face,318,130,434,368
Movie-on-07-03-25-at-12_03-PM_mov-0061_jpg.rf.daad915d76a112ca9463033e887ff9cb.jpg,640,640,face,275,121,430,445
Movie-on-07-03-25-at-12_13-PM_mov-0060_jpg.rf.db287b789ef2dea1d751cf5893e912c8.jpg,640,640,face,268,225,396,492
Movie-on-07-03-25-at-12_02-PM_mov-0017_jpg.rf.e03c7a15bc4f0187963ef3a31cf4433a.jpg,640,640,face,274,112,418,402
Movie-on-07-03-25-at-12_38-PM_mov-0056_jpg.rf.d218a22276f0d3d1b850d4dd4e639322.jpg,640,640,face,337,110,461,362
Movie-on-07-03-25-at-12_13-PM_mov-0053_jpg.rf.db65ab8c559beb8ff0cb2b29c6d826ac.jpg,640,640,face,267,226,393,479
Movie-on-07-03-25-at-12_25-PM_mov-0053_jpg.rf.df798f5d59957fb2746ffa5be211ec22.jpg,640,640,pen,453,583,488,639
Movie-on-07-03-25-at-12_25-PM_mov-0053_jpg.rf.df798f5d59957fb2746ffa5be211ec22.jpg,640,640,face,303,154,443,442
Movie-on-07-03-25-at-12_13-PM_mov-0027_jpg.rf.e073d8afec3b6ca695b99c1d2863a711.jpg,640,640,face,271,238,399,503
Movie-on-07-03-25-at-12_38-PM_mov-0028_jpg.rf.de367e4b0881eb7ac6783bb2001fbbc2.jpg,640,640,pen,289,551,333,602
Movie-on-07-03-25-at-12_38-PM_mov-0028_jpg.rf.de367e4b0881eb7ac6783bb2001fbbc2.jpg,640,640,face,325,133,449,391
Movie-on-07-03-25-at-12_38-PM_mov-0006_jpg.rf.dd0df6c4b773a7936e8c1f02ced52907.jpg,640,640,book,350,582,530,640
Movie-on-07-03-25-at-12_38-PM_mov-0006_jpg.rf.dd0df6c4b773a7936e8c1f02ced52907.jpg,640,640,pen,314,512,352,548
Movie-on-07-03-25-at-12_38-PM_mov-0006_jpg.rf.dd0df6c4b773a7936e8c1f02ced52907.jpg,640,640,face,330,135,457,397
Movie-on-07-03-25-at-12_08-PM_mov-0042_jpg.rf.dd1323abf1f5e966e71f47c15cf8a261.jpg,640,640,pen,460,612,472,640
Movie-on-07-03-25-at-12_08-PM_mov-0042_jpg.rf.dd1323abf1f5e966e71f47c15cf8a261.jpg,640,640,face,240,217,362,453
Movie-on-07-03-25-at-12_08-PM_mov-0027_jpg.rf.dfe44f6e087fbddd04791297578056aa.jpg,640,640,pen,464,616,474,639
Movie-on-07-03-25-at-12_08-PM_mov-0027_jpg.rf.dfe44f6e087fbddd04791297578056aa.jpg,640,640,face,275,215,390,452
Movie-on-07-03-25-at-12_08-PM_mov-0052_jpg.rf.e05a1b2c3c705abb84863cc98a8a0bc6.jpg,640,640,pen,461,614,473,639
Movie-on-07-03-25-at-12_08-PM_mov-0052_jpg.rf.e05a1b2c3c705abb84863cc98a8a0bc6.jpg,640,640,face,302,216,404,437
Movie-on-07-03-25-at-12_29-PM_mov-0023_jpg.rf.e4b356946ca9d350b829af2dfcaf0171.jpg,640,640,face,292,236,454,576
Movie-on-07-03-25-at-12_40-PM_mov-0020_jpg.rf.e30b4b293bfd713a866a30bb1f7be93d.jpg,640,640,pen,301,582,415,640
Movie-on-07-03-25-at-12_40-PM_mov-0020_jpg.rf.e30b4b293bfd713a866a30bb1f7be93d.jpg,640,640,face,317,130,433,372
Movie-on-07-03-25-at-12_08-PM_mov-0013_jpg.rf.e36eff8f096a6417cf9203022a69f302.jpg,640,640,pen,458,605,470,639
Movie-on-07-03-25-at-12_08-PM_mov-0013_jpg.rf.e36eff8f096a6417cf9203022a69f302.jpg,640,640,face,230,220,353,476
Movie-on-07-03-25-at-12_25-PM_mov-0054_jpg.rf.d8c42b5f5fb56710abb1bb9d47330fd7.jpg,640,640,face,307,157,456,455
Movie-on-07-03-25-at-12_09-PM_mov-0010_jpg.rf.e0a1edb5664782f5835fe0da9bdbda78.jpg,640,640,face,281,223,408,483
Movie-on-07-03-25-at-12_40-PM_mov-0026_jpg.rf.dc20636719656d49cc6723789d20daca.jpg,640,640,face,288,135,409,372
Movie-on-07-03-25-at-12_13-PM_mov-0007_jpg.rf.e415c8476ee87ec4b49f9c0f4629c395.jpg,640,640,face,300,220,425,467
Movie-on-07-03-25-at-12_08-PM_mov-0020_jpg.rf.e4ce29e7155c317d1765f6a6679a2d7e.jpg,640,640,pen,463,614,474,639
Movie-on-07-03-25-at-12_08-PM_mov-0020_jpg.rf.e4ce29e7155c317d1765f6a6679a2d7e.jpg,640,640,face,273,212,384,448
Movie-on-07-03-25-at-12_02-PM_mov-0037_jpg.rf.e1bfb92c7d5d4326baf24c98f210c9a1.jpg,640,640,face,223,119,351,368
Movie-on-07-03-25-at-12_29-PM_mov-0040_jpg.rf.e3786de82f0ccf1d830f3817de415b68.jpg,640,640,face,281,186,439,512
Movie-on-07-03-25-at-12_25-PM_mov-0056_jpg.rf.d1ff6e949fc9cd6b9f517da799bce636.jpg,640,640,face,316,166,468,484
Movie-on-07-03-25-at-12_40-PM_mov-0027_jpg.rf.bee7891c556431d65a0cc04f0bae50a8.jpg,640,640,pen,332,455,412,601
Movie-on-07-03-25-at-12_40-PM_mov-0027_jpg.rf.bee7891c556431d65a0cc04f0bae50a8.jpg,640,640,face,288,134,410,374
Movie-on-07-03-25-at-12_02-PM_mov-0033_jpg.rf.b9616955fa2e933918b6f74f926038d4.jpg,640,640,face,209,122,338,408
Movie-on-07-03-25-at-12_03-PM_mov-0032_jpg.rf.e12b8c93edb42813d870291001784e33.jpg,640,640,face,270,122,418,424
Movie-on-07-03-25-at-12_08-PM_mov-0028_jpg.rf.dec827d9009bbd21d3e1a52dd197ef8a.jpg,640,640,pen,462,615,473,640
Movie-on-07-03-25-at-12_08-PM_mov-0028_jpg.rf.dec827d9009bbd21d3e1a52dd197ef8a.jpg,640,640,face,313,210,413,419
Movie-on-07-03-25-at-12_02-PM_mov-0024_jpg.rf.e4db9c2d3f86731b8df1dd2a09b29496.jpg,640,640,face,270,128,417,441
Movie-on-07-03-25-at-12_03-PM_mov-0034_jpg.rf.e4b95846909d6d22e4eb66862cf0b54b.jpg,640,640,face,246,113,399,436
Movie-on-07-03-25-at-12_08-PM_mov-0058_jpg.rf.dee558f52777c889a0f77ac82a63def7.jpg,640,640,pen,463,617,473,639
Movie-on-07-03-25-at-12_08-PM_mov-0058_jpg.rf.dee558f52777c889a0f77ac82a63def7.jpg,640,640,face,287,218,401,446
Movie-on-07-03-25-at-12_09-PM_mov-0035_jpg.rf.011e17e7665420c16b421faca6e76e13.jpg,640,640,face,283,219,412,482
Movie-on-07-03-25-at-12_09-PM_mov-0028_jpg.rf.0aecc34384984ba7a7763bcd71019900.jpg,640,640,face,306,234,428,411
Movie-on-07-03-25-at-12_40-PM_mov-0036_jpg.rf.05362ff6bc4867e4f5743c9eeeccadc3.jpg,640,640,pen,311,577,359,637
Movie-on-07-03-25-at-12_40-PM_mov-0036_jpg.rf.05362ff6bc4867e4f5743c9eeeccadc3.jpg,640,640,face,329,163,446,416
Movie-on-07-03-25-at-12_03-PM_mov-0055_jpg.rf.032406d7e2483898d44f57b856ec9f82.jpg,640,640,face,271,117,422,431
Movie-on-07-03-25-at-12_38-PM_mov-0031_jpg.rf.0482abf475b5f664b98daa3210aa548a.jpg,640,640,face,341,111,465,359
Movie-on-07-03-25-at-12_29-PM_mov-0028_jpg.rf.030adaa2cc3539a3c9e9aa6499edb868.jpg,640,640,face,293,240,458,577
Movie-on-07-03-25-at-12_25-PM_mov-0045_jpg.rf.0bb6e4c7a3f8d867315c761f1cc86360.jpg,640,640,face,331,162,486,472
Movie-on-07-03-25-at-12_13-PM_mov-0003_jpg.rf.0b462a5254c1cae620284deda7545bb0.jpg,640,640,face,303,232,421,422
Movie-on-07-03-25-at-12_03-PM_mov-0030_jpg.rf.05fa1767b3073b09d2c02ba1683b08dd.jpg,640,640,face,347,112,468,375
Movie-on-07-03-25-at-12_08-PM_mov-0046_jpg.rf.03bac18c02e8abfa9229537e36987358.jpg,640,640,pen,460,614,472,639
Movie-on-07-03-25-at-12_08-PM_mov-0046_jpg.rf.03bac18c02e8abfa9229537e36987358.jpg,640,640,face,267,210,381,433
Movie-on-07-03-25-at-12_02-PM_mov-0050_jpg.rf.02c164d61b61cb4a4b38ce966aaf8af4.jpg,640,640,face,227,118,349,373
Movie-on-07-03-25-at-12_08-PM_mov-0034_jpg.rf.0c280d80ed6ab7260171e5eb9b1038a7.jpg,640,640,pen,463,617,474,639
Movie-on-07-03-25-at-12_08-PM_mov-0034_jpg.rf.0c280d80ed6ab7260171e5eb9b1038a7.jpg,640,640,face,283,217,397,448
Movie-on-07-03-25-at-12_02-PM_mov-0058_jpg.rf.050740f3e63ba07e155bdd93b3915ef2.jpg,640,640,face,265,118,412,426
Movie-on-07-03-25-at-12_38-PM_mov-0022_jpg.rf.0cf98016cd9bb3892ac955ecae7295de.jpg,640,640,pen,266,554,308,609
Movie-on-07-03-25-at-12_38-PM_mov-0022_jpg.rf.0cf98016cd9bb3892ac955ecae7295de.jpg,640,640,face,323,152,448,408
Movie-on-07-03-25-at-12_02-PM_mov-0006_jpg.rf.0c430d766e3e9d80b7526dd5506fc530.jpg,640,640,face,257,118,408,431
Movie-on-07-03-25-at-12_09-PM_mov-0042_jpg.rf.02b5df6c82ab2fbb536e5be181544610.jpg,640,640,face,290,219,418,481
Movie-on-07-03-25-at-12_29-PM_mov-0041_jpg.rf.09db2dc14ed5761479b5562839926b35.jpg,640,640,face,278,187,437,515
Movie-on-07-03-25-at-12_13-PM_mov-0023_jpg.rf.064efa321b823791f596553886cfc8ed.jpg,640,640,face,218,244,317,474
Movie-on-07-03-25-at-12_08-PM_mov-0003_jpg.rf.0cfd371861e1ab65e3244710678ee3b4.jpg,640,640,pen,459,609,470,639
Movie-on-07-03-25-at-12_08-PM_mov-0003_jpg.rf.0cfd371861e1ab65e3244710678ee3b4.jpg,640,640,face,258,212,370,442
Movie-on-07-03-25-at-12_13-PM_mov-0043_jpg.rf.0d22059ed3d3565b690b90ee4fcb98a8.jpg,640,640,face,274,222,396,446
Movie-on-07-03-25-at-12_40-PM_mov-0030_jpg.rf.07963341fad30168b35c22158ad0e7bf.jpg,640,640,book,411,459,536,636
Movie-on-07-03-25-at-12_40-PM_mov-0030_jpg.rf.07963341fad30168b35c22158ad0e7bf.jpg,640,640,pen,320,514,364,542
Movie-on-07-03-25-at-12_40-PM_mov-0030_jpg.rf.07963341fad30168b35c22158ad0e7bf.jpg,640,640,face,340,159,457,411
Movie-on-07-03-25-at-12_02-PM_mov-0051_jpg.rf.0a481b6ef9221ef1ed562688794427af.jpg,640,640,face,234,117,359,404
Movie-on-07-03-25-at-12_03-PM_mov-0022_jpg.rf.121e8e987d0d7e7909abd23ca7133e19.jpg,640,640,face,313,105,452,377
Movie-on-07-03-25-at-12_02-PM_mov-0054_jpg.rf.07f95b6e3460dcc2de4059db113a7d88.jpg,640,640,face,278,122,426,430
Movie-on-07-03-25-at-12_29-PM_mov-0001_jpg.rf.09c5b92e49ba3b7c069880a0113d6062.jpg,640,640,face,312,310,489,607
Movie-on-07-03-25-at-12_09-PM_mov-0008_jpg.rf.092337960a1a7ef995ffa6fa8d916e23.jpg,640,640,face,281,214,405,465
Movie-on-07-03-25-at-12_40-PM_mov-0041_jpg.rf.0a9632e56ea8e1f2478e6be4767a2d47.jpg,640,640,pen,291,590,339,639
Movie-on-07-03-25-at-12_40-PM_mov-0041_jpg.rf.0a9632e56ea8e1f2478e6be4767a2d47.jpg,640,640,face,333,156,453,403
Movie-on-07-03-25-at-12_29-PM_mov-0056_jpg.rf.0d8de202fb6de77c8fa5ad09352704ce.jpg,640,640,face,286,200,449,540
Movie-on-07-03-25-at-12_38-PM_mov-0010_jpg.rf.0e952b378dbfb3aae3225f79fa2dcc14.jpg,640,640,book,343,577,519,639
Movie-on-07-03-25-at-12_38-PM_mov-0010_jpg.rf.0e952b378dbfb3aae3225f79fa2dcc14.jpg,640,640,pen,301,497,335,536
Movie-on-07-03-25-at-12_38-PM_mov-0010_jpg.rf.0e952b378dbfb3aae3225f79fa2dcc14.jpg,640,640,face,331,135,456,395
Movie-on-07-03-25-at-12_08-PM_mov-0022_jpg.rf.0d5d25eeec0d77505f3979dd37d597d6.jpg,640,640,pen,463,616,474,639
Movie-on-07-03-25-at-12_08-PM_mov-0022_jpg.rf.0d5d25eeec0d77505f3979dd37d597d6.jpg,640,640,face,241,212,342,421
Movie-on-07-03-25-at-12_03-PM_mov-0047_jpg.rf.0ae5239335fbdc0d78789a8284b57116.jpg,640,640,face,260,108,409,415

Movie-on-07-03-25-at-12_38-PM_mov-0011_jpg.rf.0a46b57f2f1ad28bc62cd28eb8a6c544.jpg,640,640,book,350,578,521,639
Movie-on-07-03-25-at-12_38-PM_mov-0011_jpg.rf.0a46b57f2f1ad28bc62cd28eb8a6c544.jpg,640,640,pen,292,500,325,535
Movie-on-07-03-25-at-12_38-PM_mov-0011_jpg.rf.0a46b57f2f1ad28bc62cd28eb8a6c544.jpg,640,640,face,329,130,455,393
Movie-on-07-03-25-at-12_40-PM_mov-0000_jpg.rf.0a3364bc6783dde955b85e25542b0fdd.jpg,640,640,face,306,127,422,343
Movie-on-07-03-25-at-12_08-PM_mov-0055_jpg.rf.15224c8808ccbded4545ae7aa2f6d495.jpg,640,640,face,271,215,385,445
Movie-on-07-03-25-at-12_38-PM_mov-0034_jpg.rf.111580832bceeb584103a46582dae65d.jpg,640,640,pen,277,560,323,623
Movie-on-07-03-25-at-12_38-PM_mov-0034_jpg.rf.111580832bceeb584103a46582dae65d.jpg,640,640,face,338,146,464,397
Movie-on-07-03-25-at-12_02-PM_mov-0046_jpg.rf.10dfe8a450b3fe8e97cd156539e6ffba.jpg,640,640,face,259,118,409,443
Movie-on-07-03-25-at-12_02-PM_mov-0055_jpg.rf.12e8d38f2bc15d593af360e7c246cd99.jpg,640,640,face,269,118,416,430
Movie-on-07-03-25-at-12_09-PM_mov-0041_jpg.rf.149ee61b93e2aeb42db0cf8b098ca350.jpg,640,640,face,300,241,432,517
Movie-on-07-03-25-at-12_38-PM_mov-0041_jpg.rf.07b09a0d258c0fa37b1563ae4ca833be.jpg,640,640,pen,295,519,430,639
Movie-on-07-03-25-at-12_38-PM_mov-0041_jpg.rf.07b09a0d258c0fa37b1563ae4ca833be.jpg,640,640,face,336,127,460,386
Movie-on-07-03-25-at-12_25-PM_mov-0043_jpg.rf.13a2172b51948a63dcb9a96eb593e47a.jpg,640,640,face,301,177,461,519
Movie-on-07-03-25-at-12_09-PM_mov-0040_jpg.rf.186156cce954ff0e0695bd53d2afcdfa.jpg,640,640,face,289,218,416,478
Movie-on-07-03-25-at-12_03-PM_mov-0037_jpg.rf.199f34f884a097a8304431f70556c38d.jpg,640,640,face,305,103,446,378
Movie-on-07-03-25-at-12_13-PM_mov-0010_jpg.rf.16d046e7f4d3a101a9c44aed7b74bd0b.jpg,640,640,face,251,232,383,503
Movie-on-07-03-25-at-12_02-PM_mov-0026_jpg.rf.1542afbfc7c30814b51d91d50db781f1.jpg,640,640,face,213,157,362,479
Movie-on-07-03-25-at-12_25-PM_mov-0046_jpg.rf.0a6b5e7edc4ec890f55de9636d2348cd.jpg,640,640,face,334,171,490,494
Movie-on-07-03-25-at-12_25-PM_mov-0034_jpg.rf.18e1004dc04f2eccfe7475894d53a5ab.jpg,640,640,face,312,197,466,517
Movie-on-07-03-25-at-12_08-PM_mov-0029_jpg.rf.1844a655d785b50918b399f455cc56e3.jpg,640,640,pen,463,616,473,639
Movie-on-07-03-25-at-12_08-PM_mov-0029_jpg.rf.1844a655d785b50918b399f455cc56e3.jpg,640,640,face,312,208,415,414
Movie-on-07-03-25-at-12_02-PM_mov-0049_jpg.rf.1ad0d278222c313023cd46abeff999ee.jpg,640,640,face,230,115,369,378
Movie-on-07-03-25-at-12_25-PM_mov-0003_jpg.rf.19811ba123ef28d78d1f9e379b97eb32.jpg,640,640,face,310,188,463,515
Movie-on-07-03-25-at-12_13-PM_mov-0030_jpg.rf.1aff10c8e28c78557e8d28a23b692657.jpg,640,640,face,275,227,401,499
Movie-on-07-03-25-at-12_09-PM_mov-0060_jpg.rf.151d941263924a969e8f0e9786c54b66.jpg,640,640,face,319,230,452,485
Movie-on-07-03-25-at-12_29-PM_mov-0015_jpg.rf.18b20f55b6882ba650df2016b2bdaeba.jpg,640,640,face,288,251,452,588
Movie-on-07-03-25-at-12_29-PM_mov-0016_jpg.rf.1976a4a65fbee72d8a845e3b4affb12e.jpg,640,640,pen,421,598,449,640
Movie-on-07-03-25-at-12_29-PM_mov-0016_jpg.rf.1976a4a65fbee72d8a845e3b4affb12e.jpg,640,640,face,290,224,454,566
Movie-on-07-03-25-at-12_29-PM_mov-0034_jpg.rf.1d25b200b0987550a120ec2e7b941a74.jpg,640,640,face,275,197,428,519
Movie-on-07-03-25-at-12_08-PM_mov-0006_jpg.rf.15ca60e920b72055afa0868c3667897a.jpg,640,640,pen,463,615,473,640
Movie-on-07-03-25-at-12_08-PM_mov-0006_jpg.rf.15ca60e920b72055afa0868c3667897a.jpg,640,640,face,272,218,385,448
Movie-on-07-03-25-at-12_40-PM_mov-0019_jpg.rf.1af16d428d946520af05dc3066684c64.jpg,640,640,pen,343,608,454,640
Movie-on-07-03-25-at-12_40-PM_mov-0019_jpg.rf.1af16d428d946520af05dc3066684c64.jpg,640,640,face,316,130,432,373
Movie-on-07-03-25-at-12_13-PM_mov-0012_jpg.rf.1a24c98c61c97539d22a0d8d0743a90c.jpg,640,640,face,246,231,370,494
Movie-on-07-03-25-at-12_40-PM_mov-0006_jpg.rf.1e1f6c487e3097d506b1fc2bc3ebde31.jpg,640,640,pen,379,372,470,422
Movie-on-07-03-25-at-12_40-PM_mov-0006_jpg.rf.1e1f6c487e3097d506b1fc2bc3ebde31.jpg,640,640,face,306,130,430,375
Movie-on-07-03-25-at-12_03-PM_mov-0058_jpg.rf.1afa9dbd0598e8cd8afd9ed20c385a2d.jpg,640,640,face,264,114,414,425
Movie-on-07-03-25-at-12_13-PM_mov-0042_jpg.rf.1e2ee6e9e69a172aa80877e8e1b9ed20.jpg,640,640,face,274,225,398,472
Movie-on-07-03-25-at-12_38-PM_mov-0050_jpg.rf.1b152d2a3bb45dcbf449b1e56064917c.jpg,640,640,book,388,596,532,640
Movie-on-07-03-25-at-12_38-PM_mov-0050_jpg.rf.1b152d2a3bb45dcbf449b1e56064917c.jpg,640,640,pen,255,544,290,583
Movie-on-07-03-25-at-12_38-PM_mov-0050_jpg.rf.1b152d2a3bb45dcbf449b1e56064917c.jpg,640,640,face,332,117,453,375
Movie-on-07-03-25-at-12_03-PM_mov-0035_jpg.rf.1fb81c694b31792a5ab67632e321bdd9.jpg,640,640,face,238,110,393,421
Movie-on-07-03-25-at-12_08-PM_mov-0010_jpg.rf.1e7831a4c553be9bb402580de1b2be96.jpg,640,640,pen,464,614,474,639
Movie-on-07-03-25-at-12_08-PM_mov-0010_jpg.rf.1e7831a4c553be9bb402580de1b2be96.jpg,640,640,face,290,217,400,442
Movie-on-07-03-25-at-12_38-PM_mov-0045_jpg.rf.1e94fe4f5a1a161c30130d0183c8cc0b.jpg,640,640,book,274,531,532,640
Movie-on-07-03-25-at-12_38-PM_mov-0045_jpg.rf.1e94fe4f5a1a161c30130d0183c8cc0b.jpg,640,640,face,334,110,457,370
Movie-on-07-03-25-at-12_02-PM_mov-0032_jpg.rf.1e65ef359e0483ad0179759aede16146.jpg,640,640,face,230,114,364,393
Movie-on-07-03-25-at-12_29-PM_mov-0000_jpg.rf.20d92a0d89848dddb285d70cb065d26b.jpg,640,640,face,287,189,450,527
Movie-on-07-03-25-at-12_38-PM_mov-0015_jpg.rf.1aeafa951703a38f86025e48385eef9e.jpg,640,640,book,371,603,542,639
Movie-on-07-03-25-at-12_38-PM_mov-0015_jpg.rf.1aeafa951703a38f86025e48385eef9e.jpg,640,640,pen,274,519,311,563
Movie-on-07-03-25-at-12_38-PM_mov-0015_jpg.rf.1aeafa951703a38f86025e48385eef9e.jpg,640,640,face,326,132,451,394
Movie-on-07-03-25-at-12_25-PM_mov-0042_jpg.rf.2185bd446f36f2688bbb0914faa7ac3c.jpg,640,640,face,303,173,460,501
Movie-on-07-03-25-at-12_13-PM_mov-0046_jpg.rf.21cbd362ed78a5be5a6b7e4072f43c2e.jpg,640,640,face,239,228,360,446
Movie-on-07-03-25-at-12_13-PM_mov-0005_jpg.rf.2030b6a6dec7ad149a4fab37abfc05bb.jpg,640,640,face,320,225,441,472
Movie-on-07-03-25-at-12_13-PM_mov-0032_jpg.rf.1feb4528cf6b994746584d9984d0d74b.jpg,640,640,face,286,214,420,446
Movie-on-07-03-25-at-12_38-PM_mov-0033_jpg.rf.132e3e7989b69a021120dab989c5ce20.jpg,640,640,pen,293,553,338,613
Movie-on-07-03-25-at-12_38-PM_mov-0033_jpg.rf.132e3e7989b69a021120dab989c5ce20.jpg,640,640,face,336,153,463,403
Movie-on-07-03-25-at-12_40-PM_mov-0009_jpg.rf.213d509e17d04b37e0b48061aec93c5d.jpg,640,640,book,375,491,575,639
Movie-on-07-03-25-at-12_40-PM_mov-0009_jpg.rf.213d509e17d04b37e0b48061aec93c5d.jpg,640,640,pen,348,486,381,524
Movie-on-07-03-25-at-12_40-PM_mov-0009_jpg.rf.213d509e17d04b37e0b48061aec93c5d.jpg,640,640,face,347,180,470,426
Movie-on-07-03-25-at-12_29-PM_mov-0060_jpg.rf.26b5377eb4021734900aded0c7ff7170.jpg,640,640,face,278,186,438,522
Movie-on-07-03-25-at-12_38-PM_mov-0040_jpg.rf.21fdfd5860f7629b304183125d94dcb7.jpg,640,640,pen,308,516,455,638
Movie-on-07-03-25-at-12_38-PM_mov-0040_jpg.rf.21fdfd5860f7629b304183125d94dcb7.jpg,640,640,face,337,131,461,392
Movie-on-07-03-25-at-12_40-PM_mov-0005_jpg.rf.026f46d5b92f3ec03e1384f554298c51.jpg,640,640,face,303,134,429,374
Movie-on-07-03-25-at-12_38-PM_mov-0014_jpg.rf.22695009690156c8ae4cc56427d41321.jpg,640,640,book,359,600,541,639
Movie-on-07-03-25-at-12_38-PM_mov-0014_jpg.rf.22695009690156c8ae4cc56427d41321.jpg,640,640,pen,272,513,315,562
Movie-on-07-03-25-at-12_38-PM_mov-0014_jpg.rf.22695009690156c8ae4cc56427d41321.jpg,640,640,face,331,141,456,396
Movie-on-07-03-25-at-12_08-PM_mov-0008_jpg.rf.24d66b243ed9aabf61520922bbe1da71.jpg,640,640,pen,463,615,474,640
Movie-on-07-03-25-at-12_08-PM_mov-0008_jpg.rf.24d66b243ed9aabf61520922bbe1da71.jpg,640,640,face,311,212,409,423
Movie-on-07-03-25-at-12_40-PM_mov-0038_jpg.rf.245997301a90834d5752c89862a8b016.jpg,640,640,pen,279,592,322,639
Movie-on-07-03-25-at-12_40-PM_mov-0038_jpg.rf.245997301a90834d5752c89862a8b016.jpg,640,640,face,331,158,451,407
Movie-on-07-03-25-at-12_08-PM_mov-0026_jpg.rf.282dc44f0014561f6b4f5c2ee9f93790.jpg,640,640,pen,464,617,474,639
Movie-on-07-03-25-at-12_08-PM_mov-0026_jpg.rf.282dc44f0014561f6b4f5c2ee9f93790.jpg,640,640,face,275,217,389,451
Movie-on-07-03-25-at-12_40-PM_mov-0001_jpg.rf.2382367138acafe77f4b8f368c799fd8.jpg,640,640,pen,344,332,370,361
Movie-on-07-03-25-at-12_40-PM_mov-0001_jpg.rf.2382367138acafe77f4b8f368c799fd8.jpg,640,640,face,293,132,415,363
Movie-on-07-03-25-at-12_25-PM_mov-0009_jpg.rf.252ddaa11ac3f2dbd1101497a2978d3c.jpg,640,640,face,446,230,538,503
Movie-on-07-03-25-at-12_02-PM_mov-0014_jpg.rf.2320c13740793829745409843437ad1c.jpg,640,640,face,280,117,426,415
Movie-on-07-03-25-at-12_25-PM_mov-0030_jpg.rf.2ace41dc3f317c726d8b1bdb0ebdf337.jpg,640,640,face,362,212,475,541
Movie-on-07-03-25-at-12_25-PM_mov-0020_jpg.rf.25b29beef0fc3f89e39ce6679ab62ab3.jpg,640,640,face,341,178,498,492
Movie-on-07-03-25-at-12_02-PM_mov-0045_jpg.rf.21979141e14256f1864d070dc4f21868.jpg,640,640,face,267,143,416,462
Movie-on-07-03-25-at-12_29-PM_mov-0014_jpg.rf.21a0c63ed923e8cd01b500af7acddf28.jpg,640,640,face,284,244,448,583
Movie-on-07-03-25-at-12_25-PM_mov-0044_jpg.rf.2cf9b8b446be8f9e9482369d5fdd1964.jpg,640,640,face,316,164,472,484
Movie-on-07-03-25-at-12_08-PM_mov-0016_jpg.rf.2313c1be9f744547a7cfe18298cc4548.jpg,640,640,pen,460,608,470,639
Movie-on-07-03-25-at-12_08-PM_mov-0016_jpg.rf.2313c1be9f744547a7cfe18298cc4548.jpg,640,640,face,280,211,388,481
Movie-on-07-03-25-at-12_09-PM_mov-0023_jpg.rf.27b89e02091296b1756444a80af90279.jpg,640,640,face,280,218,407,477
Movie-on-07-03-25-at-12_09-PM_mov-0038_jpg.rf.22050498683e8552035804faee6314d9.jpg,640,640,face,280,218,406,487
Movie-on-07-03-25-at-12_38-PM_mov-0037_jpg.rf.2845df6636de5e4d4b5c1f99f62dfb2d.jpg,640,640,pen,300,513,462,634
Movie-on-07-03-25-at-12_38-PM_mov-0037_jpg.rf.2845df6636de5e4d4b5c1f99f62dfb2d.jpg,640,640,face,339,126,463,378
Movie-on-07-03-25-at-12_13-PM_mov-0024_jpg.rf.2b7383c20b3bb7180d85058769047b9d.jpg,640,640,face,198,267,282,511
Movie-on-07-03-25-at-12_02-PM_mov-0039_jpg.rf.28fb62c7521aab42ed3ad79416f15d27.jpg,640,640,face,268,120,415,424
Movie-on-07-03-25-at-12_02-PM_mov-0031_jpg.rf.2d709c6fbb89026c7f112926aac1e069.jpg,640,640,face,246,113,377,413
Movie-on-07-03-25-at-12_02-PM_mov-0015_jpg.rf.32a72f629e2337077d9f0ae96113b0ce.jpg,640,640,face,276,118,424,418

Movie-on-07-03-25-at-12_09-PM_mov-0055_jpg.rf.3003178e434932a3d371b56cc5227c83.jpg,640,640,face,280,217,407,473
Movie-on-07-03-25-at-12_29-PM_mov-0049_jpg.rf.2eda605a77d12fff359b2f5eee8cfc5d.jpg,640,640,face,282,253,447,587
Movie-on-07-03-25-at-12_38-PM_mov-0007_jpg.rf.2fc54619d71a967fd1c94922a21cb553.jpg,640,640,book,346,583,530,640
Movie-on-07-03-25-at-12_38-PM_mov-0007_jpg.rf.2fc54619d71a967fd1c94922a21cb553.jpg,640,640,pen,310,510,349,549
Movie-on-07-03-25-at-12_38-PM_mov-0007_jpg.rf.2fc54619d71a967fd1c94922a21cb553.jpg,640,640,face,329,131,455,396
Movie-on-07-03-25-at-12_02-PM_mov-0060_jpg.rf.33b4c4207af8f1f77d71a8323d65dfa5.jpg,640,640,face,250,110,386,410
Movie-on-07-03-25-at-12_02-PM_mov-0021_jpg.rf.2c684b8ee252f3283dbd7a0f57041afb.jpg,640,640,face,270,113,416,405
Movie-on-07-03-25-at-12_09-PM_mov-0056_jpg.rf.2997a85b640a8ce283542b9e79acd064.jpg,640,640,face,284,220,403,418
Movie-on-07-03-25-at-12_38-PM_mov-0019_jpg.rf.3390e9ff558a110f6dc7199f56efc64a.jpg,640,640,book,380,607,539,639
Movie-on-07-03-25-at-12_38-PM_mov-0019_jpg.rf.3390e9ff558a110f6dc7199f56efc64a.jpg,640,640,pen,257,545,295,592
Movie-on-07-03-25-at-12_38-PM_mov-0019_jpg.rf.3390e9ff558a110f6dc7199f56efc64a.jpg,640,640,face,318,131,444,393

Movie-on-07-03-25-at-12_25-PM_mov-0028_jpg.rf.313dd0eb096ff07c8b4bc464e979b61f.jpg,640,640,face,312,164,468,496
Movie-on-07-03-25-at-12_08-PM_mov-0059_jpg.rf.320e4376d09e29ac7dfb7ab0d1f8da06.jpg,640,640,pen,466,619,476,639
Movie-on-07-03-25-at-12_08-PM_mov-0059_jpg.rf.320e4376d09e29ac7dfb7ab0d1f8da06.jpg,640,640,face,294,214,406,440
Movie-on-07-03-25-at-12_03-PM_mov-0051_jpg.rf.3331eb77468e03699360ef488d3ecd17.jpg,640,640,face,307,105,447,390
Movie-on-07-03-25-at-12_40-PM_mov-0012_jpg.rf.3021dde9012f76305e19e8c3ee373484.jpg,640,640,face,336,138,455,382
Movie-on-07-03-25-at-12_02-PM_mov-0061_jpg.rf.30da7f9790796776a853f339181807de.jpg,640,640,face,274,115,418,411
Movie-on-07-03-25-at-12_03-PM_mov-0005_jpg.rf.3638ac6a31fdbce98e1b39d8cbc006a3.jpg,640,640,face,294,104,429,393
Movie-on-07-03-25-at-12_25-PM_mov-0017_jpg.rf.3411ea4b4da7ad2e44dde44664f41211.jpg,640,640,face,301,179,454,496
Movie-on-07-03-25-at-12_38-PM_mov-0030_jpg.rf.3a8ef276e8e847e76d83d20b0f0baa84.jpg,640,640,pen,294,548,338,589
Movie-on-07-03-25-at-12_38-PM_mov-0030_jpg.rf.3a8ef276e8e847e76d83d20b0f0baa84.jpg,640,640,face,344,101,468,348
Movie-on-07-03-25-at-12_03-PM_mov-0004_jpg.rf.2e28b5e77722ed43fa41dace5ee739e6.jpg,640,640,face,320,102,454,394
Movie-on-07-03-25-at-12_13-PM_mov-0051_jpg.rf.2fdb8457c8ca886cc07e76e49a9e5465.jpg,640,640,face,275,227,400,475
Movie-on-07-03-25-at-12_40-PM_mov-0046_jpg.rf.2fb8df05d48e3e94279ecb92e756460e.jpg,640,640,face,298,132,417,387
Movie-on-07-03-25-at-12_29-PM_mov-0038_jpg.rf.37cfdd82f15809082a7268a0313c2f7d.jpg,640,640,face,250,200,401,529
Movie-on-07-03-25-at-12_08-PM_mov-0056_jpg.rf.39c8ded3808e35fd99e70cce6195c7e5.jpg,640,640,pen,463,616,474,639
Movie-on-07-03-25-at-12_08-PM_mov-0056_jpg.rf.39c8ded3808e35fd99e70cce6195c7e5.jpg,640,640,face,280,218,394,445
Movie-on-07-03-25-at-12_38-PM_mov-0017_jpg.rf.22998a82f3636a0336b6c39d2b7c3420.jpg,640,640,book,384,604,539,639
Movie-on-07-03-25-at-12_38-PM_mov-0017_jpg.rf.22998a82f3636a0336b6c39d2b7c3420.jpg,640,640,pen,261,519,295,568
Movie-on-07-03-25-at-12_38-PM_mov-0017_jpg.rf.22998a82f3636a0336b6c39d2b7c3420.jpg,640,640,face,323,127,448,390
Movie-on-07-03-25-at-12_29-PM_mov-0019_jpg.rf.3bae60fcf2098b2eaf5d010aa09b1e0c.jpg,640,640,face,290,223,452,561
Movie-on-07-03-25-at-12_08-PM_mov-0012_jpg.rf.37e54fb2a796d93a9b1bea8b32a0fc8a.jpg,640,640,pen,465,617,475,639
Movie-on-07-03-25-at-12_08-PM_mov-0012_jpg.rf.37e54fb2a796d93a9b1bea8b32a0fc8a.jpg,640,640,face,283,220,393,451
Movie-on-07-03-25-at-12_38-PM_mov-0025_jpg.rf.3755f12ecd642a8f4e90ff5ad47659d9.jpg,640,640,book,406,618,543,639
Movie-on-07-03-25-at-12_38-PM_mov-0025_jpg.rf.3755f12ecd642a8f4e90ff5ad47659d9.jpg,640,640,pen,241,555,280,602
Movie-on-07-03-25-at-12_38-PM_mov-0025_jpg.rf.3755f12ecd642a8f4e90ff5ad47659d9.jpg,640,640,face,324,131,447,389
Movie-on-07-03-25-at-12_29-PM_mov-0048_jpg.rf.397c7a3a81152fbf0a97655e6137ab5a.jpg,640,640,pen,408,598,437,640
Movie-on-07-03-25-at-12_29-PM_mov-0048_jpg.rf.397c7a3a81152fbf0a97655e6137ab5a.jpg,640,640,face,276,250,440,584
Movie-on-07-03-25-at-12_03-PM_mov-0014_jpg.rf.3b9ed1ccffeb1ea5ec9c91e78d36f408.jpg,640,640,face,256,112,410,440
Movie-on-07-03-25-at-12_03-PM_mov-0054_jpg.rf.3b4b3d997c2c9d270fa16a254013f11a.jpg,640,640,face,263,116,415,432
Movie-on-07-03-25-at-12_13-PM_mov-0037_jpg.rf.3c500f9f5f5c001e14bcf035955d6a21.jpg,640,640,face,216,235,314,477
Movie-on-07-03-25-at-12_08-PM_mov-0005_jpg.rf.3a3ed76cd9e50afc5c3e8328bb5a332d.jpg,640,640,pen,463,612,474,639
Movie-on-07-03-25-at-12_08-PM_mov-0005_jpg.rf.3a3ed76cd9e50afc5c3e8328bb5a332d.jpg,640,640,face,285,220,398,447
Movie-on-07-03-25-at-12_29-PM_mov-0052_jpg.rf.3f988ef85613d6b1d3efae8b66ae3254.jpg,640,640,face,285,256,452,590
Movie-on-07-03-25-at-12_03-PM_mov-0020_jpg.rf.3cd8f8a0dbbddf1125b018efe4ffb6d4.jpg,640,640,face,310,101,449,380
Movie-on-07-03-25-at-12_25-PM_mov-0013_jpg.rf.3e43531c28c1691d752446819ced82db.jpg,640,640,face,290,212,454,550
Movie-on-07-03-25-at-12_29-PM_mov-0059_jpg.rf.3db19e003b9abda543ab4a508aec6410.jpg,640,640,face,279,184,438,520
Movie-on-07-03-25-at-12_40-PM_mov-0025_jpg.rf.3dc4ece7427bb72dd7d1560a1b41c923.jpg,640,640,pen,340,456,409,594
Movie-on-07-03-25-at-12_40-PM_mov-0025_jpg.rf.3dc4ece7427bb72dd7d1560a1b41c923.jpg,640,640,face,292,134,413,376
Movie-on-07-03-25-at-12_25-PM_mov-0051_jpg.rf.40eacb38e181369ee28925ece4fedb86.jpg,640,640,pen,445,585,477,639
Movie-on-07-03-25-at-12_25-PM_mov-0051_jpg.rf.40eacb38e181369ee28925ece4fedb86.jpg,640,640,face,315,166,472,497
Movie-on-07-03-25-at-12_25-PM_mov-0021_jpg.rf.4557ac64d4e46a6f548942d5c74084aa.jpg,640,640,face,313,134,472,460
Movie-on-07-03-25-at-12_02-PM_mov-0057_jpg.rf.42eed76f822b3ef82e829f990cfe06a7.jpg,640,640,face,264,116,411,424
Movie-on-07-03-25-at-12_09-PM_mov-0009_jpg.rf.3d5982ee1155309dc6d84bf541a2625e.jpg,640,640,face,279,220,406,479
Movie-on-07-03-25-at-12_02-PM_mov-0035_jpg.rf.4310dd38f311595a8a87904091adf94c.jpg,640,640,face,206,122,323,408
Movie-on-07-03-25-at-12_03-PM_mov-0049_jpg.rf.3ff0cfa375ccc19ff7c7e2fbdd4d89f4.jpg,640,640,face,264,110,414,417
Movie-on-07-03-25-at-12_13-PM_mov-0018_jpg.rf.440c16bfc476c3355a10ff282f2c8025.jpg,640,640,face,310,223,429,434
Movie-on-07-03-25-at-12_13-PM_mov-0013_jpg.rf.41e261c5ff87c938c85938f4c4b7e045.jpg,640,640,face,254,228,383,492
Movie-on-07-03-25-at-12_03-PM_mov-0033_jpg.rf.45e33d8caee6b2f5ea26300d6cfd795a.jpg,640,640,face,265,119,416,430
Movie-on-07-03-25-at-12_03-PM_mov-0045_jpg.rf.44034ffee972e45b5eda447fcec1b08c.jpg,640,640,face,278,114,429,421
Movie-on-07-03-25-at-12_25-PM_mov-0027_jpg.rf.3e4c7a7ca1dc77f694981e5b4bfacd9f.jpg,640,640,face,320,165,477,498
Movie-on-07-03-25-at-12_25-PM_mov-0024_jpg.rf.3e074b0f569fdb4bcccb545625598cba.jpg,640,640,face,326,153,483,469
Movie-on-07-03-25-at-12_40-PM_mov-0031_jpg.rf.4006149eccec308173cbafb898b99387.jpg,640,640,book,404,465,539,638
Movie-on-07-03-25-at-12_40-PM_mov-0031_jpg.rf.4006149eccec308173cbafb898b99387.jpg,640,640,pen,317,518,360,543
Movie-on-07-03-25-at-12_40-PM_mov-0031_jpg.rf.4006149eccec308173cbafb898b99387.jpg,640,640,face,336,156,452,409
Movie-on-07-03-25-at-12_08-PM_mov-0035_jpg.rf.2e605330f6f97944d83c0e15b1499fed.jpg,640,640,pen,463,617,474,639
Movie-on-07-03-25-at-12_08-PM_mov-0035_jpg.rf.2e605330f6f97944d83c0e15b1499fed.jpg,640,640,face,282,214,394,441
Movie-on-07-03-25-at-12_25-PM_mov-0025_jpg.rf.4164aec8b5e92488142779a40300b795.jpg,640,640,face,329,150,482,457
Movie-on-07-03-25-at-12_29-PM_mov-0026_jpg.rf.3f7e776562733ec3a4a5169adb4eaa07.jpg,640,640,face,293,240,457,579
Movie-on-07-03-25-at-12_02-PM_mov-0062_jpg.rf.43ac56924888d1f028997f1b5046a86f.jpg,640,640,face,277,118,425,424
Movie-on-07-03-25-at-12_08-PM_mov-0048_jpg.rf.462f8abf830b2b5205fee135b5751ff4.jpg,640,640,pen,461,615,472,640
Movie-on-07-03-25-at-12_08-PM_mov-0048_jpg.rf.462f8abf830b2b5205fee135b5751ff4.jpg,640,640,face,253,211,352,437
Movie-on-07-03-25-at-12_08-PM_mov-0057_jpg.rf.41251ee7525b0fa668c8568637e4c63f.jpg,640,640,pen,463,617,473,639
Movie-on-07-03-25-at-12_08-PM_mov-0057_jpg.rf.41251ee7525b0fa668c8568637e4c63f.jpg,640,640,face,277,218,390,446
Movie-on-07-03-25-at-12_02-PM_mov-0002_jpg.rf.478ba1609a4802bfe4026598db5bae6b.jpg,640,640,face,255,129,392,418
Movie-on-07-03-25-at-12_29-PM_mov-0018_jpg.rf.45febf9076d22fa4f3b4992c42968d99.jpg,640,640,face,288,216,452,556
Movie-on-07-03-25-at-12_09-PM_mov-0004_jpg.rf.4674629d6db0cf2e5e4e02a90b174887.jpg,640,640,face,290,228,409,409
Movie-on-07-03-25-at-12_40-PM_mov-0043_jpg.rf.4674fbbc0f3cc839f563209903a3eab7.jpg,640,640,pen,277,595,316,640
Movie-on-07-03-25-at-12_40-PM_mov-0043_jpg.rf.4674fbbc0f3cc839f563209903a3eab7.jpg,640,640,face,335,154,454,400
Movie-on-07-03-25-at-12_08-PM_mov-0038_jpg.rf.42d1f89b2457ef73d1553e8e8014ccee.jpg,640,640,pen,462,616,472,639
Movie-on-07-03-25-at-12_08-PM_mov-0038_jpg.rf.42d1f89b2457ef73d1553e8e8014ccee.jpg,640,640,face,245,212,346,443
Movie-on-07-03-25-at-12_02-PM_mov-0018_jpg.rf.461934080a1ff290951fd9e325276ccd.jpg,640,640,face,244,111,383,391
Movie-on-07-03-25-at-12_29-PM_mov-0044_jpg.rf.47b63f1c3b2488c6112e8da6593658b1.jpg,640,640,face,283,203,441,535
Movie-on-07-03-25-at-12_03-PM_mov-0023_jpg.rf.4b371e8c6111e7ad1dfd40034cf439aa.jpg,640,640,face,314,104,450,380
Movie-on-07-03-25-at-12_40-PM_mov-0053_jpg.rf.49e810e88a4ef4f952fe0b4bbb2b3bc9.jpg,640,640,pen,363,602,516,633
Movie-on-07-03-25-at-12_40-PM_mov-0053_jpg.rf.49e810e88a4ef4f952fe0b4bbb2b3bc9.jpg,640,640,face,323,126,439,360
Movie-on-07-03-25-at-12_38-PM_mov-0002_jpg.rf.49b2275b9ac21f179e824ce8bd4e54e9.jpg,640,640,book,325,567,511,639
Movie-on-07-03-25-at-12_38-PM_mov-0002_jpg.rf.49b2275b9ac21f179e824ce8bd4e54e9.jpg,640,640,face,332,134,457,402
Movie-on-07-03-25-at-12_29-PM_mov-0062_jpg.rf.410040224a4010beb6403d474a351817.jpg,640,640,face,266,185,425,518
Movie-on-07-03-25-at-12_38-PM_mov-0035_jpg.rf.4d52ae19196ce40594a4d62bf52dd771.jpg,640,640,pen,268,559,316,626
Movie-on-07-03-25-at-12_38-PM_mov-0035_jpg.rf.4d52ae19196ce40594a4d62bf52dd771.jpg,640,640,face,342,137,469,387
Movie-on-07-03-25-at-12_02-PM_mov-0016_jpg.rf.4b63ad3a2367527522f11afe59647718.jpg,640,640,face,277,114,421,411
Movie-on-07-03-25-at-12_09-PM_mov-0027_jpg.rf.5144cb2e711e5fb976c4cf3cf7c9228b.jpg,640,640,face,285,231,402,410
Movie-on-07-03-25-at-12_25-PM_mov-0026_jpg.rf.512cdedadf1e8640741e4c42d48909b4.jpg,640,640,pen,444,579,482,639
Movie-on-07-03-25-at-12_25-PM_mov-0026_jpg.rf.512cdedadf1e8640741e4c42d48909b4.jpg,640,640,face,289,159,444,486
Movie-on-07-03-25-at-12_03-PM_mov-0025_jpg.rf.509d4ef9726f4712ca0ea9fa5002e0f6.jpg,640,640,face,280,115,429,436
Movie-on-07-03-25-at-12_09-PM_mov-0039_jpg.rf.4b3400ea95f65666e476ec9f036d34f8.jpg,640,640,face,284,219,410,479
Movie-on-07-03-25-at-12_09-PM_mov-0013_jpg.rf.4b883915792f88ef33af78fc8fe96324.jpg,640,640,face,286,233,405,409
Movie-on-07-03-25-at-12_38-PM_mov-0055_jpg.rf.518ce5c47a160f40b152d6ab2a4c5e3d.jpg,640,640,face,319,132,444,393
Movie-on-07-03-25-at-12_40-PM_mov-0054_jpg.rf.52becd118f16846f848b24c14507a39f.jpg,640,640,pen,321,586,478,616
Movie-on-07-03-25-at-12_40-PM_mov-0054_jpg.rf.52becd118f16846f848b24c14507a39f.jpg,640,640,face,318,128,434,367
Movie-on-07-03-25-at-12_29-PM_mov-0013_jpg.rf.4d511aaa6c86bc29b3a54c006a4d6bf8.jpg,640,640,pen,419,596,447,639
Movie-on-07-03-25-at-12_29-PM_mov-0013_jpg.rf.4d511aaa6c86bc29b3a54c006a4d6bf8.jpg,640,640,face,283,252,448,586
Movie-on-07-03-25-at-12_38-PM_mov-0039_jpg.rf.494ab7e45f5ad7443e0c6f526e33f100.jpg,640,640,pen,315,511,462,630
Movie-on-07-03-25-at-12_38-PM_mov-0039_jpg.rf.494ab7e45f5ad7443e0c6f526e33f100.jpg,640,640,face,340,127,462,387
Movie-on-07-03-25-at-12_08-PM_mov-0043_jpg.rf.4f48c3503c5032d3c099b89a242d342e.jpg,640,640,pen,464,617,474,639
Movie-on-07-03-25-at-12_08-PM_mov-0043_jpg.rf.4f48c3503c5032d3c099b89a242d342e.jpg,640,640,face,285,219,397,449
Movie-on-07-03-25-at-12_09-PM_mov-0051_jpg.rf.513ed911d3cecb8cf9ec91926f37ab84.jpg,640,640,face,279,219,405,471
Movie-on-07-03-25-at-12_09-PM_mov-0017_jpg.rf.4a65cc52a6ea4fb0f55b74f4f1f82969.jpg,640,640,face,278,218,402,463
Movie-on-07-03-25-at-12_09-PM_mov-0020_jpg.rf.544137b5b404863cd26320f72314774d.jpg,640,640,face,289,217,414,469
Movie-on-07-03-25-at-12_29-PM_mov-0021_jpg.rf.53c7928cd74e4791102c02fb906b03d1.jpg,640,640,face,290,235,453,575
Movie-on-07-03-25-at-12_13-PM_mov-0045_jpg.rf.50934606ef726c4349293d378842ef1a.jpg,640,640,face,268,223,390,463
Movie-on-07-03-25-at-12_03-PM_mov-0021_jpg.rf.4b6c159cf19b885ec259ae450cccbaeb.jpg,640,640,face,308,101,446,371
Movie-on-07-03-25-at-12_25-PM_mov-0000_jpg.rf.5518a8368360358be40a869120afb180.jpg,640,640,face,301,148,465,488
Movie-on-07-03-25-at-12_03-PM_mov-0046_jpg.rf.548ddfb1b3602014379edec357714e35.jpg,640,640,face,258,114,410,432
Movie-on-07-03-25-at-12_08-PM_mov-0047_jpg.rf.56c437afdc3486b00933f64e4005a219.jpg,640,640,pen,462,615,473,640
Movie-on-07-03-25-at-12_08-PM_mov-0047_jpg.rf.56c437afdc3486b00933f64e4005a219.jpg,640,640,face,280,210,390,431
Movie-on-07-03-25-at-12_29-PM_mov-0058_jpg.rf.492902699aa0847cb7a18624f4ce75b5.jpg,640,640,face,281,185,438,512
Movie-on-07-03-25-at-12_02-PM_mov-0042_jpg.rf.55eecbdeff85a0d5099b08c93087c285.jpg,640,640,face,254,117,405,428
Movie-on-07-03-25-at-12_08-PM_mov-0045_jpg.rf.58216476424769be101fa346b02cd869.jpg,640,640,pen,462,615,473,640
Movie-on-07-03-25-at-12_08-PM_mov-0045_jpg.rf.58216476424769be101fa346b02cd869.jpg,640,640,face,264,214,373,440
Movie-on-07-03-25-at-12_13-PM_mov-0038_jpg.rf.55248d3f3104bff0e4b686baaf844b1d.jpg,640,640,face,228,233,356,448
Movie-on-07-03-25-at-12_03-PM_mov-0008_jpg.rf.588306dfda3a1265bc7233a1d1674745.jpg,640,640,face,346,117,474,372
Movie-on-07-03-25-at-12_02-PM_mov-0013_jpg.rf.57950130cdafde8af08ab82af1e6428c.jpg,640,640,face,241,116,392,427
Movie-on-07-03-25-at-12_03-PM_mov-0056_jpg.rf.598dbbe3ed60eac3cab99ae27132d0bb.jpg,640,640,face,268,116,416,429
Movie-on-07-03-25-at-12_25-PM_mov-0058_jpg.rf.5c47a01673bc22d332f0bcdbc58831a6.jpg,640,640,face,335,155,479,463
Movie-on-07-03-25-at-12_40-PM_mov-0004_jpg.rf.59b6bb2255232f9d857014a4e31f2509.jpg,640,640,face,304,137,428,387
Movie-on-07-03-25-at-12_38-PM_mov-0016_jpg.rf.582bee4de02ae1c3487d43c298b52ada.jpg,640,640,book,381,604,539,639
Movie-on-07-03-25-at-12_38-PM_mov-0016_jpg.rf.582bee4de02ae1c3487d43c298b52ada.jpg,640,640,pen,266,520,304,567
Movie-on-07-03-25-at-12_38-PM_mov-0016_jpg.rf.582bee4de02ae1c3487d43c298b52ada.jpg,640,640,face,323,129,449,392
Movie-on-07-03-25-at-12_29-PM_mov-0036_jpg.rf.5c7c1523bb13cfa0277941c6c201a13e.jpg,640,640,face,255,187,402,501
Movie-on-07-03-25-at-12_08-PM_mov-0017_jpg.rf.58fa6a8310c4f897d708085e14760f62.jpg,640,640,face,283,207,399,485
Movie-on-07-03-25-at-12_09-PM_mov-0021_jpg.rf.5d3b8884ca0f33f509e0f52623d0f8d7.jpg,640,640,face,285,216,412,468
Movie-on-07-03-25-at-12_25-PM_mov-0015_jpg.rf.5e349aad3ceedaf0ed5aa90df5daece6.jpg,640,640,face,325,203,489,535
Movie-on-07-03-25-at-12_02-PM_mov-0027_jpg.rf.5abb55fe441351cfac748ee3fabe24f1.jpg,640,640,face,233,123,388,428
Movie-on-07-03-25-at-12_09-PM_mov-0015_jpg.rf.5e1ee498078e8650057aa5e2230dfa4a.jpg,640,640,face,310,235,426,413
Movie-on-07-03-25-at-12_03-PM_mov-0052_jpg.rf.560cafcac8410f1ec82b70acbdc566a6.jpg,640,640,face,323,114,456,400
Movie-on-07-03-25-at-12_25-PM_mov-0001_jpg.rf.5a7d72655b66eec67c073011c5a00973.jpg,640,640,pen,440,539,480,639
Movie-on-07-03-25-at-12_25-PM_mov-0001_jpg.rf.5a7d72655b66eec67c073011c5a00973.jpg,640,640,face,312,186,467,503
Movie-on-07-03-25-at-12_03-PM_mov-0017_jpg.rf.59717fb002040e32e604ad1ff25445a3.jpg,640,640,face,256,103,409,406
Movie-on-07-03-25-at-12_09-PM_mov-0024_jpg.rf.503e6d14873f19b68d0102c509ef453d.jpg,640,640,face,278,218,405,492
Movie-on-07-03-25-at-12_03-PM_mov-0027_jpg.rf.5f50eba6f2ce9d39bc99f1b90b4fe9d7.jpg,640,640,face,293,127,442,455
Movie-on-07-03-25-at-12_13-PM_mov-0041_jpg.rf.5f6ca5fffb69aa0e2b4546e189d87bb1.jpg,640,640,face,258,226,383,480
Movie-on-07-03-25-at-12_02-PM_mov-0059_jpg.rf.5828b4820ae16a35aee31e5af6112ba4.jpg,640,640,face,290,126,438,429
Movie-on-07-03-25-at-12_29-PM_mov-0039_jpg.rf.5dd9b7a33feb0c6a7dfd08145da403dd.jpg,640,640,face,260,192,412,508
Movie-on-07-03-25-at-12_08-PM_mov-0033_jpg.rf.5fe9b0fb7d153419bfb43be4a0ff8b55.jpg,640,640,pen,463,616,474,639
Movie-on-07-03-25-at-12_08-PM_mov-0033_jpg.rf.5fe9b0fb7d153419bfb43be4a0ff8b55.jpg,640,640,face,285,218,399,445
Movie-on-07-03-25-at-12_13-PM_mov-0034_jpg.rf.5fc948c2c6ba8e5446afdbf90e78e29c.jpg,640,640,face,289,230,418,498
Movie-on-07-03-25-at-12_03-PM_mov-0059_jpg.rf.61f0de5c212b7b9f73ddc6bfd06aafd1.jpg,640,640,face,279,116,424,425
Movie-on-07-03-25-at-12_29-PM_mov-0043_jpg.rf.620a75adebe91b252283ba1f4eb3ae0f.jpg,640,640,face,284,224,443,554
Movie-on-07-03-25-at-12_25-PM_mov-0018_jpg.rf.65a8c3b39c5eb3109cbb77d0308d5f27.jpg,640,640,face,277,206,439,536
Movie-on-07-03-25-at-12_03-PM_mov-0042_jpg.rf.64ba9bcbba28ce9a932834beb8f3aa48.jpg,640,640,face,288,138,441,442
Movie-on-07-03-25-at-12_03-PM_mov-0026_jpg.rf.625f1404d72c36e36f24b4b191ec3f7e.jpg,640,640,face,238,112,395,449
Movie-on-07-03-25-at-12_09-PM_mov-0002_jpg.rf.5d8276e8f6fcf776d40f5fcb6b68f4a6.jpg,640,640,face,293,229,411,412
Movie-on-07-03-25-at-12_25-PM_mov-0036_jpg.rf.63a4f0b356ba13c8b65346e25e3b4b81.jpg,640,640,face,282,174,436,453
Movie-on-07-03-25-at-12_03-PM_mov-0012_jpg.rf.5f996ceaf21b1fc761e067bf96e17609.jpg,640,640,face,252,114,408,438
Movie-on-07-03-25-at-12_38-PM_mov-0042_jpg.rf.648e6ed8cc5524d0fbf8d64dd5658bf9.jpg,640,640,face,335,130,459,390
Movie-on-07-03-25-at-12_09-PM_mov-0054_jpg.rf.645c2c564be6bc2a9fb3ee17de748bc7.jpg,640,640,face,298,227,425,500
Movie-on-07-03-25-at-12_25-PM_mov-0010_jpg.rf.6cc834db914219fac875e473784c8f30.jpg,640,640,face,298,203,448,495
Movie-on-07-03-25-at-12_13-PM_mov-0049_jpg.rf.707c54981d0c09ed3891752254d8c2c4.jpg,640,640,face,378,276,469,477
Movie-on-07-03-25-at-12_29-PM_mov-0061_jpg.rf.69f1cee7d3f3d28e19b7214ba74304c9.jpg,640,640,face,275,187,434,522
Movie-on-07-03-25-at-12_25-PM_mov-0048_jpg.rf.6cc0e4ee680ecaeb5577f984f50e0c8a.jpg,640,640,face,338,180,491,487
Movie-on-07-03-25-at-12_40-PM_mov-0035_jpg.rf.6f5145672ecd6a36dd53951a2a39992b.jpg,640,640,pen,320,584,367,637
Movie-on-07-03-25-at-12_40-PM_mov-0035_jpg.rf.6f5145672ecd6a36dd53951a2a39992b.jpg,640,640,face,327,167,446,421
Movie-on-07-03-25-at-12_08-PM_mov-0039_jpg.rf.6a66b3377204c357b0ddcd4f2a1584ab.jpg,640,640,pen,462,614,473,640
Movie-on-07-03-25-at-12_08-PM_mov-0039_jpg.rf.6a66b3377204c357b0ddcd4f2a1584ab.jpg,640,640,face,231,216,322,435
Movie-on-07-03-25-at-12_29-PM_mov-0025_jpg.rf.711ab86ea052270cdf98924d962ef2ac.jpg,640,640,pen,425,599,452,640
Movie-on-07-03-25-at-12_29-PM_mov-0025_jpg.rf.711ab86ea052270cdf98924d962ef2ac.jpg,640,640,face,293,239,457,577
Movie-on-07-03-25-at-12_13-PM_mov-0014_jpg.rf.711c301f24b533fe2bc3b66fa436336f.jpg,640,640,face,270,226,397,475
Movie-on-07-03-25-at-12_13-PM_mov-0000_jpg.rf.676035ab13769a71de457356cbbaa530.jpg,640,640,face,298,222,427,478
Movie-on-07-03-25-at-12_03-PM_mov-0006_jpg.rf.70bf87323d24c04303edb860966967bc.jpg,640,640,face,366,110,492,394
Movie-on-07-03-25-at-12_38-PM_mov-0027_jpg.rf.699879ae9e98ea2ddf448ae6e14cdb74.jpg,640,640,pen,298,550,341,594
Movie-on-07-03-25-at-12_38-PM_mov-0027_jpg.rf.699879ae9e98ea2ddf448ae6e14cdb74.jpg,640,640,face,326,136,450,394
Movie-on-07-03-25-at-12_40-PM_mov-0028_jpg.rf.7545ed341ac3faf45a6fac3c11e6c178.jpg,640,640,pen,300,541,453,638
Movie-on-07-03-25-at-12_40-PM_mov-0028_jpg.rf.7545ed341ac3faf45a6fac3c11e6c178.jpg,640,640,face,306,138,425,387
Movie-on-07-03-25-at-12_13-PM_mov-0002_jpg.rf.771bf5985af309847f3ee7c17df7225a.jpg,640,640,face,305,218,432,471
Movie-on-07-03-25-at-12_25-PM_mov-0050_jpg.rf.78cfc05383aadc9d1454e84c9720c3d9.jpg,640,640,face,340,198,486,514
Movie-on-07-03-25-at-12_09-PM_mov-0025_jpg.rf.6e314831678828b2d10744f62680a5e1.jpg,640,640,face,279,220,399,426
Movie-on-07-03-25-at-12_08-PM_mov-0030_jpg.rf.71e72231570979b844a814591e061480.jpg,640,640,pen,464,616,475,639
Movie-on-07-03-25-at-12_08-PM_mov-0030_jpg.rf.71e72231570979b844a814591e061480.jpg,640,640,face,336,221,429,413
Movie-on-07-03-25-at-12_29-PM_mov-0054_jpg.rf.6ced9a2851fdfed8e0f3b244ff52db02.jpg,640,640,face,285,256,451,592
Movie-on-07-03-25-at-12_13-PM_mov-0028_jpg.rf.687a0fca70cad0b2b0ea1476a50a6e59.jpg,640,640,face,285,238,413,512
Movie-on-07-03-25-at-12_09-PM_mov-0022_jpg.rf.7726d4474467766eb4b899f145ebc75b.jpg,640,640,face,285,215,412,471
Movie-on-07-03-25-at-12_08-PM_mov-0009_jpg.rf.68f70c78d72efbee710cd39ba5076764.jpg,640,640,pen,463,613,473,639
Movie-on-07-03-25-at-12_08-PM_mov-0009_jpg.rf.68f70c78d72efbee710cd39ba5076764.jpg,640,640,face,319,215,415,417
Movie-on-07-03-25-at-12_38-PM_mov-0051_jpg.rf.65c1a17b042001aa3b451f375f35e5e5.jpg,640,640,pen,281,594,338,640
Movie-on-07-03-25-at-12_38-PM_mov-0051_jpg.rf.65c1a17b042001aa3b451f375f35e5e5.jpg,640,640,face,321,144,447,397
Movie-on-07-03-25-at-12_38-PM_mov-0029_jpg.rf.727da6b8b0ef0e629e770062b5d84e1f.jpg,640,640,pen,278,521,392,625
Movie-on-07-03-25-at-12_38-PM_mov-0029_jpg.rf.727da6b8b0ef0e629e770062b5d84e1f.jpg,640,640,face,325,112,446,377
Movie-on-07-03-25-at-12_02-PM_mov-0052_jpg.rf.78c6ad53e9d615cebd085170e231b71a.jpg,640,640,face,278,119,426,427
Movie-on-07-03-25-at-12_25-PM_mov-0059_jpg.rf.7a1dcfcda99426f9426fc85dcfd40a71.jpg,640,640,face,320,166,472,484
Movie-on-07-03-25-at-12_40-PM_mov-0048_jpg.rf.790c71294e6914d0fb66adbf228ac1c1.jpg,640,640,face,312,128,426,359
Movie-on-07-03-25-at-12_38-PM_mov-0054_jpg.rf.74e08c1592219447dbc1f3869c865d87.jpg,640,640,pen,268,615,292,640
Movie-on-07-03-25-at-12_38-PM_mov-0054_jpg.rf.74e08c1592219447dbc1f3869c865d87.jpg,640,640,face,319,137,445,396
Movie-on-07-03-25-at-12_13-PM_mov-0054_jpg.rf.7afb9e454b2489bf3f65c67adfcfa89f.jpg,640,640,face,265,226,391,481
Movie-on-07-03-25-at-12_13-PM_mov-0022_jpg.rf.78e5813969f802fc154fbd76c829dad5.jpg,640,640,face,265,238,381,430
Movie-on-07-03-25-at-12_03-PM_mov-0060_jpg.rf.67d1d81a873caf446ba7ab2c5ca7c7ea.jpg,640,640,face,263,118,412,434
Movie-on-07-03-25-at-12_13-PM_mov-0044_jpg.rf.789a5386c228a5c88b20ef5733251952.jpg,640,640,face,294,224,416,435